urls,hashtags
https://t.co/G2SAU8qk0X,COVID19
https://t.co/CSsvzLXy20,EEUU USA Florida COVID19 Repentinitis
https://t.co/4Zt40myMth,China carbon
https://t.co/HgIhavv6xM,France
https://t.co/HgIhavv6xM,France
https://t.co/xVvQDjLKa3,Salud Chihuahua
https://t.co/jmNvq070Rb,France
https://t.co/Ey5fcYzCWH,cancers covidvaccines
https://t.co/Lh31auty3h,LongCovid
https://t.co/3dLhIO38ia,Singapore DiedSuddenly VaccineDeaths
https://t.co/HgIhavv6xM,France
https://t.co/HgIhavv6xM,France
https://t.co/HgIhavv6xM,France
https://t.co/rnpM4aBrEX,COVID19 education children school
https://t.co/8ggox1Arx5,Nacional
https://t.co/HgIhavv6xM,France
https://t.co/HgIhavv6xM,France
https://t.co/xVvQDjLKa3,Salud Chihuahua
https://t.co/gUZhEcvDt0,txlege
https://t.co/V7aWkZBKQB,monaco monacolife_ monacomontecarlo monaconews mymonaco
https://t.co/8s3psMXqxe,KFMNews
https://t.co/gGABzsdEMj,NewZealand nz covid COVID19 CovidVaccine vaccinemandates VaccineDeaths vaccinegenocide SuddenDeaths2023 excessdeaths ardern
https://t.co/HgIhavv6xM,France
https://t.co/YO1O2Z0eJK,soignants Vaccin
https://t.co/apYVSPWGNI https://t.co/Hfxgqv9hP4,spreaker
https://t.co/HgIhavv6xM,France
https://t.co/Jzv5T8ajU6,MainstreamMedia MSM Narrative Manipulation COVID NaturalImmunity
https://t.co/rfskp73vnS,KolaborasiMedanBerkah MedanBerkah SalamKolaborasi
https://t.co/hY2FLnHVl6,webinar
https://t.co/WcXrc2bNhI,Moderna COVID vaccine
https://t.co/yWPWHHR4HV,Entérate COVID19 Puebla AmbasManos
https://t.co/hYbMdBNWxk,coronavirus covid covid19 plandemia vacunas
https://t.co/HgIhavv6xM,France
https://t.co/Pu7tkGGOHP,COVID
https://t.co/qxK85rM9wn,News covid coronavirus
https://t.co/HgIhavv6xM,France
https://t.co/HgIhavv6xM,France
https://t.co/rZas3wmePy,FestivalDeCarnavales2023
https://t.co/Sb24vqUpvH,longcovid
https://t.co/HgIhavv6xM,France
https://t.co/Ewtx87lXFZ,Covid19 Hauteautorité sante vaccination soignants
https://t.co/ONjqWYoVXC,LyingTed
https://t.co/zydMsSXhxm,Japalpilpa
https://t.co/HgIhavv6xM,France
https://t.co/SSlv6uhMEj,Covid
https://t.co/pl6nnvkdkT,GreatReset Μητσοτακης_τελος
https://t.co/HgIhavv6xM,France
https://t.co/xNvnVqi5Fb,vaccini Covid ANSASalute
https://t.co/HgIhavv6xM,France
https://t.co/t9o8KRpevY,ReintegrezLesSuspendus
https://t.co/HgIhavv6xM,France
https://t.co/rUMiqcM0MO,COVID
https://t.co/nRwbQYXDpH,hybrid manager management leadership
https://t.co/HgIhavv6xM,France
https://t.co/63tR8zEhwr,vaccineinjuries diedsuddenly
https://t.co/IAvN6kX0dM,TechARP Celebrity Celebrities COVID19 Vaccine Vaccination DiedSuddenly Health Healthcare Facts FactsMatter FactCheck Hoax Fake FakeNews Science Medicine Actor
https://t.co/puheehXj3c https://t.co/84xIPhSqPS,COVID19 humasdinkespabar dinkespabar
https://t.co/J2l1ABnkrt,TechARP CodyLongo AustinPD Celebrity Celebrities Death Tragedy Police DiedSuddenly SuddenDeath Facts FactsMatter FactCheck Vaccine Vaccination Health Healthcare VaccineInjuries
https://t.co/l1dKOOJCKU,Sinformer épidémie Covid19 Covid19
https://t.co/vghH9Tc9sh,HRnews
https://t.co/HgIhavv6xM,France
https://t.co/1DkVHpG6be,United
https://t.co/HgIhavv6xM,France
https://t.co/rRb6BGaexQ,Flu vaccination flu Covid Public link Damar Hamlin survey
https://t.co/QtgFwxdali,Ruralité
https://t.co/Uz2lvs1zI0,Medicaid COVID19
https://t.co/Z3lSZYCnuE,NoticiasBreves_iSanidad hombres infección Covid_19 actualidad salud medicina sanidad
https://t.co/ZbzD7H5chm,NotJustTheFlu
https://t.co/HgIhavv6xM,France
https://t.co/PEiHiytEcg,Cuban CubaPorLaVida CubaSolidaria
https://t.co/HgIhavv6xM,France
https://t.co/HyuWrtqqOo,retail business
https://t.co/olaXAybcKk,pandemic Covid19inquiry Covid19 Coronavirus
https://t.co/1L04yLT2Zv,Canadian Doctors COVID19 VACCINE
https://t.co/HgIhavv6xM,France
https://t.co/1L04yLT2Zv,Canadian Doctors COVID19 VACCINE
https://t.co/xDMaCU3HCv,Covid
https://t.co/R0DeTMgfAB,TwitterFiles PfizerGate PfizerFiles
https://t.co/vDQTk8uCCE,COVID
https://t.co/HiuFHnNSoK,UsutTuntasKm50 UsutTuntasKm50
https://t.co/Q64wZqTbdv,COVID
https://t.co/7uZI5l1BNQ https://t.co/84xIPhSqPS,COVID19 humasdinkespabar dinkespabar
https://t.co/HgIhavv6xM,France
https://t.co/3YVd9YxJLs,morteimprovvisa nessunacorrelazione
https://t.co/Ht1j8c5QcL,saferschools maskup losangeles getboosted T1d
https://t.co/KqtgPhltdI,19Feb Venezuela
https://t.co/SUVMhEEi7z,COVID19
https://t.co/vFMoc8lHaT,Puebla
https://t.co/Nt6AKMSiU9,AniesPresidenRakyat2024 AniesPresidenRakyat2024
https://t.co/HgIhavv6xM,France
https://t.co/1L04yLT2Zv,Canadian Doctors COVID19 VACCINE
https://t.co/HgIhavv6xM,France
https://t.co/HgIhavv6xM,France
https://t.co/qJuY9KIDIk,COVID19
https://t.co/c7RnWSR0M1,ATENCIÓN AmbasManos
https://t.co/1L04yLT2Zv,Canadian Doctors COVID19 VACCINE
https://t.co/HgIhavv6xM,France
https://t.co/HgIhavv6xM,France
https://t.co/HgIhavv6xM,France
https://t.co/ddyji9FGvm,Covid Covid19 Recession Layoffs
https://t.co/QdVIZs97Gc,covid
https://t.co/T2am6nPKvH,svpol
https://t.co/1L04yLT2Zv,Canadian Doctors COVID19 VACCINE
https://t.co/foK9L18BTM,news WSJ
https://t.co/sGgxPGOOt5,VaccinatieSchade
https://t.co/GgvN71xq6I,COVID19
https://t.co/pOU0WrwOJu,Covid longCovid
https://t.co/BZjOeNFKf2,testing solution Massachusetts viruses Boston Beverly RSV flu COVID19
https://t.co/cX6ltF6Tf1,COVID19
https://t.co/HgIhavv6xM,France
https://t.co/ImAWKiCEYH,News GiornaleRadio Biden Kiev superbonus Covid 20febbraio InBlu2000
https://t.co/HgIhavv6xM,France
https://t.co/bnsMQhXXUT,NHS government spearheaded MSM propaganda HospitalBeds overwhelmed covid pandemic NWO Agenda2030
https://t.co/HgIhavv6xM,France
https://t.co/jWlGMbO70Y,serranossa covid19 vacinabivalente vacinacovid19
https://t.co/Oic8XUDNTc,AniesPresiden2024 AniesPresiden2024
https://t.co/HgIhavv6xM,France
https://t.co/FmY4s4BgqT,AlertaCOVIDPuebla
https://t.co/QtFb4lrf7h,grippe vaccins نبقاو_على_بال maroc نخرجو_بأمان وقايتنا COVID19
https://t.co/WQQ28FJpza,pharmamar farmacia covid19 covid farmacos medicamentos fracaso contagios contagioscovid ibex35 farmácias negociostv
https://t.co/4MHRdpcdSy,CovidVaccines BigPharma DiedSuddenly Covid Hospitals Coronavirus NIH FauciLiedMillionsDied Hydroxychloroquine Ivermectin CDC
https://t.co/XJ2Q6eEvKb,LongCovid
https://t.co/HgIhavv6xM,France
https://t.co/HgIhavv6xM,France
https://t.co/2h7u3V8l62,nessunacorrelazione
https://t.co/bZLdNQHD56,Destacadas Puebla Covid19
https://t.co/HgIhavv6xM,France
https://t.co/JksceUPSPV,ReintegrezLesSuspendus
https://t.co/HgIhavv6xM,France
https://t.co/CvcKs6jZUB,assurance limmochezvous laclecestnous donnemariedontilly braysurseine
https://t.co/HgIhavv6xM,France
https://t.co/xZFeLVUYVZ,openaccess
https://t.co/ZB7xES7JZH,SoignantsSuspendus PersonnelsSuspendus ReintegrezLesSuspendus
https://t.co/XmWQtYW2Ri,MSM healthcare
https://t.co/evShlf8kJX,20Feb FestivalDeCarnavales2023
https://t.co/TMjlPDOQUK,Jerusalem Startups InvestorsSummit OurCrowd
https://t.co/ploILEKCbd,FactsNotFear RightSideOfHistory
https://t.co/aRFjRj6IP8,Covid19
https://t.co/aRFjRj6IP8,Covid19 Kesehatan SatgasCovid19 UpdateCovid19HariIni
https://t.co/WRn1qyuf1p,PharmacyU Pharmacists COVID19 antiviral pharmacist COVID19
https://t.co/5iB6DQixCt,COVID19
https://t.co/HgIhavv6xM,France
https://t.co/yxI7MpgyvT,ItsViral
https://t.co/cwDIBMIDxR,COVID19 coronavirus Bolivia Vacunate Omicron
https://t.co/xvAwLBvZ2M,mask covid
https://t.co/5gCCIfJepS,leukotriene MPpublications
https://t.co/9sKY3zSbRa,MenagihSemuaJanjiJokowi MenagihSemuaJanjiJokowi
https://t.co/S9vYx3rwfF,Chine
https://t.co/mkiGFwYpE5,covid
https://t.co/L2AAgVKYil,Covid SãoPaulo Saúde Vacina BrasilGestor
https://t.co/t8wllsa3Zf,Corrientes
https://t.co/GXy9TZMURv,teamSHSCT
https://t.co/eWVYRhA4Zg,BioNTech
https://t.co/uf4r5gxsqg,Covid_19
https://t.co/HgIhavv6xM,France
https://t.co/pv00gut2O3,cdnpoli
https://t.co/HgIhavv6xM,France
https://t.co/eGmIsJOXrM,animalresearch
https://t.co/Usld0RBGGe,wanderlust travelgram adventure travel travelling traveltheworld
https://t.co/KBuMkJgccf,BlackHistoryMonth
https://t.co/zpG4FUH2Sq,WakeUp
https://t.co/Ya8wKOmNCF,Covid
https://t.co/mrT3Ga4riB,VirtualHospitals Healthcare Telehealth
https://t.co/n3mRHstz4T,APAC China
https://t.co/xvQtgRHqj3,LongCOVID COVID19
https://t.co/NhHesBazrM,JusticePourLesSuspendus ReintegrezLesSuspendus PompiersSuspendus soignantssuspendus soignants
https://t.co/UceOfQyssv,Podcast
https://t.co/ebv0JyVHF6,COVID19 COVID19
https://t.co/8qhvnut0e1,FoodSecurity agriculture
https://t.co/HgIhavv6xM,France
https://t.co/HgIhavv6xM,France
https://t.co/FVnrqfRGKv,COVID19
https://t.co/RsZf4MtLiG,covid19 VaccineSideEffects pfizer
https://t.co/BCFtEZQaAv,book covid romance lovestory
https://t.co/rYNO4JVBQa,SocialMediaMonday intled
https://t.co/7HaTFg58vf,Etsy
https://t.co/HgIhavv6xM,France
https://t.co/HgIhavv6xM,France
https://t.co/BnjxAPu3a7,COVID19
https://t.co/HgIhavv6xM,France
https://t.co/2Be2kGWc3W,ColunaCH DiariodoPoder
https://t.co/ZGKglpraMG,スパイク蛋白 ワクチン効果 ワクチン副反応 ワクチン副作用
https://t.co/HgIhavv6xM,France
https://t.co/maPOSECVmm,Florida HEARTATTACK Covid
https://t.co/HgIhavv6xM,France
https://t.co/GxSBImddfi,NRW COVIDー19 wirbleibenzuhause fallzahlen coronavirus corona Covid_19 COVID2019
https://t.co/HgIhavv6xM,France
https://t.co/Wx9yXhSHHs,RelevantesTH
https://t.co/qRnHlpgATt,COVID
https://t.co/HgIhavv6xM,France
https://t.co/IkOvYUh2YZ,Photo Photography TravelDestination Travel Vacation TravelTips
https://t.co/HgIhavv6xM,France
https://t.co/HgIhavv6xM,France
https://t.co/XdAa3CAkHu,Covid
https://t.co/f3UcHSHTlu,longcovid covidisnotover
https://t.co/VxKS1oCcjU,DTP hépatiteB Covid19 vaccin
https://t.co/HgIhavv6xM,France
https://t.co/HgIhavv6xM,France
https://t.co/RRlfJgmQfu,safeandeffective
https://t.co/HgIhavv6xM,France
https://t.co/GBjE5rYK7c,SEL
https://t.co/yuA1c6RW1m,AniesPresidenRI2024 AniesPresidenRI2024
https://t.co/itaVqhdB1j,Taxi Chauffeur Malta
https://t.co/HgIhavv6xM,France
https://t.co/BoOUj0fiuy,luxurytravel
https://t.co/nY4h8TCWdJ,lakamedelsvarlden covid19 vaccin covidvaccin forskning
https://t.co/HgIhavv6xM,France
https://t.co/49uPyTwCtS,corona VaccinatieSchade
https://t.co/Bq3ehzKBIl,covid healthcare covid19pandemic covid19research
https://t.co/UhVU3NVRvV,BillGatesBioTerrorist COVID PlandemicScare1Point0 MonkeyPox PlandemicScare2Point0 Marburg PlandemicScare3Point0 WHO Satanic Globalists Fearporn
https://t.co/1Z9ILzOOym,longcovid
https://t.co/HgIhavv6xM,France
https://t.co/k1nyZlktE8,NewPublicHealthOrder Africa
https://t.co/HgIhavv6xM,France
https://t.co/HgIhavv6xM,France
https://t.co/HgIhavv6xM,France
https://t.co/HgIhavv6xM,France
https://t.co/6E9VnjKBzb,LongCovid
https://t.co/IgxaBMBzxe,Covid_19
https://t.co/gqjJ3nhly0,19Feb
https://t.co/Haxgda89IW,science education biology physics chemistry technology
https://t.co/q3E5YM4Zy1,migrants
https://t.co/KkUtDSBiNw,COVIDisAirborne CovidIsntOver CovidIsNotOver LongCovid Covid
https://t.co/jW0QNA3RFg,ElMazo9AñosConChávez 20Feb
https://t.co/HgIhavv6xM,France
https://t.co/HgIhavv6xM,France
https://t.co/HgIhavv6xM,France
https://t.co/Qmc3SCQfvb,business
https://t.co/vy4RIwd2kR,migrants
https://t.co/6ML7bX3kGG,covid public health ladapo
https://t.co/HgIhavv6xM,France
https://t.co/HgIhavv6xM,France
https://t.co/HgIhavv6xM,France
https://t.co/HgIhavv6xM,France
https://t.co/HgIhavv6xM,France
https://t.co/q3E5YM4Zy1,migrants
https://t.co/aBT0IIWDSc,COVID
https://t.co/jBHBKdrnQb,SaveLives
https://t.co/HgIhavv6xM,France
https://t.co/HgIhavv6xM,France
https://t.co/njTFHfi6vM,Lawyers
https://t.co/B2UyvtqRVA,Verdict conservative
https://t.co/HgIhavv6xM,France
https://t.co/HgIhavv6xM,France
https://t.co/iSoNXHOmFs,JokowiPemecahBelahBangsa JokowiPemecahBelahBangsa
https://t.co/HgIhavv6xM,France
https://t.co/HgIhavv6xM,France
https://t.co/Karm0Zg3WV,quarta quinta vaccini COVID19
https://t.co/n6LwqKJW9m,startsmall
https://t.co/Ficz8pSm3M,ecommerce onlineshopping eshop onlinestore greativesweb
https://t.co/S0RC54RTaS,Vietnam Vietnamplus
https://t.co/HgIhavv6xM,France
https://t.co/Ubu89as8gI,cancer COVIDVACCINE
https://t.co/cBCcKhW9oT,Vietnam
https://t.co/2alO6028BL,CubaSalvaVidas
https://t.co/stztBnBs7s,COVID mRNAvaccine
https://t.co/HgIhavv6xM,France
https://t.co/gjD80lV67F,covid
https://t.co/AGvhmfR3jW,Venezuela
https://t.co/HgIhavv6xM,France
https://t.co/d4XdpUJ9sa,1forfamilies
https://t.co/REAb2Z1RM0,WearAMask BringBackMasks CovidIsntOver
https://t.co/ICwZXPkeRb https://t.co/70Yo8GEVKG,meta amazon disneytozoom davidkelly anetamarkowska jefferies
https://t.co/HgIhavv6xM,France
https://t.co/B1Y8EdxVXs,SMI India
https://t.co/GJJ0ShM0Hz,Pregnancy
https://t.co/BImzYVCCy2,Pregnancy
https://t.co/fd6cF0z7Gc,strategy
https://t.co/HgIhavv6xM,France
https://t.co/NJffhza5Kx,COVID19 Euromomo
https://t.co/HgIhavv6xM,France
https://t.co/xUdwHOma3t,BuenosDiasPuebla Puebla COVID19 PorPuebla
https://t.co/dwDSCX0Pfc,UsutMegaKorupsiUtang7700T UsutMegaKorupsiUtang7700T
https://t.co/HgIhavv6xM,France
https://t.co/vTjz23kUTW,หางาน หางานออนไลน์ สอบ ข่าว covid สมัครงาน สมัคร หางานราชการ งานราชการ งานดี
https://t.co/HgIhavv6xM,France
https://t.co/lFzVsWiVSZ,assurance
https://t.co/fd6cF0z7Gc,strategy competitiveintelligence marketing competitivemarketing healthcare pharmaceutical biotech pharma
https://t.co/LFYT7zQc4p,meloni covid laPeggiore_DESTRA_diSempre MeloniVergogna MeloniBugiarda
https://t.co/y5sDZHepuk,deliciasdelapandemia
https://t.co/HgIhavv6xM,France
https://t.co/vIwX5F4aGZ,diabetes vingscommunity news
https://t.co/HgIhavv6xM,France
https://t.co/ybE9TRLDQ2,RecommendedPaper HighlyAccessedPaper food healthcare health
https://t.co/OS9EMcFo9V,diabetes vingscommunity news
https://t.co/HgIhavv6xM,France
https://t.co/qx7uAvdskU,Pandemie NeuesNormal Esistnichtvorbei
https://t.co/HgIhavv6xM,France
https://t.co/t3M6nTxr4X,Florida VAERS Florida Fla cdmpoli lpc us usnews covid19 Vaccine
https://t.co/lanmKL5J52,Salud
https://t.co/lE2yqD4QXo,MobNasEsemkaRasaChina MobNasEsemkaRasaChina
https://t.co/HgIhavv6xM,France
https://t.co/eJVIlsWGv0,Covid CovidVaccines
https://t.co/y5sDZHepuk,deliciasdelapandemia
https://t.co/hbwam0W2Py,lakamedelsvarlden covid19 vaccin covidvaccin forskning vaccelerate ki HelenaHerviusAskling karolinska boostavac
https://t.co/5itWdxDVO6,Singapore
https://t.co/d2nXwBhKEy https://t.co/elPJqKzvuR,emploi
https://t.co/wJSf7Cthf3,StopTheShots
https://t.co/HgIhavv6xM,France
https://t.co/HgIhavv6xM,France
https://t.co/HgIhavv6xM,France
https://t.co/HgIhavv6xM,France
https://t.co/HgIhavv6xM,France
https://t.co/HgIhavv6xM,France
https://t.co/o5LnKUptXh,Nuremberg2Now
https://t.co/1B51ytK0bZ,SOC CyberRisk
https://t.co/HgIhavv6xM,France
https://t.co/uNeF54Ynsj,BreakingNews conservative ConservativeNews
https://t.co/HgIhavv6xM,France
https://t.co/HgIhavv6xM,France
https://t.co/qJuY9KIDIk,COVID19
https://t.co/TUMMjNC6wP,Covid
https://t.co/d0wGezlcAy,Romasullastradasicura attualitàroma giornaleonlineroma newsroma
https://t.co/ddGxZKMPSh,France JusticePourLesSuspendus
https://t.co/BdZg0ydWOP,reconnectandinspire
https://t.co/xcy7q2H4a6,ReelHealth Health COVID
https://t.co/HgIhavv6xM,France
https://t.co/gnHW7VWqtX,Covid_19 コロナに負けるな コロナ感染情報
https://t.co/10i1PxanFe,RonDeathSantis BFF KenGriffin Regeneron Florida Covid
https://t.co/NRN39oPSj0,Arzthaftung Corona Coronaurteile Aufklärungspflicht Impfungen mRNA Impfstoff
https://t.co/ecS29aMUXT,Covid19
https://t.co/HgIhavv6xM,France
https://t.co/d0wGezlcAy,Romasullastradasicura
https://t.co/HgIhavv6xM,France
https://t.co/HgIhavv6xM,France
https://t.co/HgIhavv6xM,France
https://t.co/HgIhavv6xM,France
https://t.co/nQLyF4DLjE,COVID19 Heart Inflammation OxidativeStress Calcium AndrewMarks ColumbiaUniversity StevenReiken RyR2
https://t.co/zeINoaFgy3,Layoffs NationalDebt LongCOVID Debt Travel
https://t.co/zpDF1ko6rT,Yale
https://t.co/HgIhavv6xM,France
https://t.co/HgIhavv6xM,France
https://t.co/z7Mc7JseYo,charlatans
https://t.co/DXp6sE6ObX,covid organizzazioni flessibilità dipendenti lavoro
https://t.co/HgIhavv6xM,France
https://t.co/paan8bPih0,morti Covid Italia news tfnews cronaca CovidIsNotOver COVID19 interno coviditalia fondazionegimbe
https://t.co/HgIhavv6xM,France
https://t.co/7CxVdiTSoz,populationcontrol
https://t.co/HgIhavv6xM,France
https://t.co/9K2MZZYRF8,Covid_19 Atacama
https://t.co/umOPHjNP0o,domainsforsale domainname domainNames domain domainforsale brand startup startups domainnamesales Wellness pharma education doctor future Rx medical medi pharma doctors medicine health healthcare cannabisbusiness COVID19 covid fit
https://t.co/HgIhavv6xM,France
https://t.co/00Ve9xIAhr,ElFronterizo
https://t.co/HgIhavv6xM,France
https://t.co/HgIhavv6xM,France
https://t.co/HgIhavv6xM,France
https://t.co/eWVYRhA4Zg,BioNTech
https://t.co/9bmDtQpoPG,Health Science Heart COVID19
https://t.co/O9EKPOdLTd,OAN
https://t.co/2padatYC2V,Puebla
https://t.co/HgIhavv6xM,France
https://t.co/HgIhavv6xM,France
https://t.co/3wOkD0EIle,LongCovid Wellbeing Edinburgh
https://t.co/BDavdfrdwt https://t.co/K1ofZ2Pm9g,Deaths Depopulation Starvation Mao Collectivizing Elites Covid Vaccine bioweapons Mao Collectivization vaccinegenocide vaccinecollectivization
https://t.co/kj2Eogo8LP,NOTISDOM
https://t.co/rJMOiUHhaM,JusticePourLesSuspendus
https://t.co/oZudlxLA7S https://t.co/Lpj7GdQ5f8,findyourcause givingtuesday bethechange
https://t.co/K1ofZ2Pm9g https://t.co/BDavdfrdwt,Deaths Depopulation Starvation Mao Collectivizing Elites Covid Vaccine bioweapons Mao Collectivization vaccinegenocide vaccinecollectivization
https://t.co/HgIhavv6xM,France
https://t.co/B1XgIWTcFM,COVID19
https://t.co/oYxK4mljQh,mRNA エアロゾル 感染 研究
https://t.co/yCt5IM6u41,ToryIncompetence WestminsterBankrupt BrexitBrokeBritain TorySewageParty
https://t.co/HgIhavv6xM,France
https://t.co/IwMp2sCdbs,SoignantsSuspendus
https://t.co/HgIhavv6xM,France
https://t.co/Q6KpuWfOPh,ViktorPesta KSW
https://t.co/HgIhavv6xM,France
https://t.co/iG611d03V0,digitalhealth socialmedia
https://t.co/vIv9k4WYp7,LifeintheBalance
https://t.co/HgIhavv6xM,France
https://t.co/iU1JTVGcln,communities economies talent Massachusetts childcare workforce jobs economicgrowth MassBiz4EarlyEd
https://t.co/HgIhavv6xM,France
https://t.co/wlbEMlOYjg,Société COVID19
https://t.co/HFVns85og7,COVID mentalhealth
https://t.co/6CZF232TB0,HeartOfTheEast
https://t.co/2bnCK7YAr3,lever obligatoire
https://t.co/HgIhavv6xM,France
https://t.co/HgIhavv6xM,France
https://t.co/lanmKL5J52,Salud
https://t.co/RjaEGnymM7,ReintegrezLesSuspendus
https://t.co/HgIhavv6xM,France
https://t.co/HgIhavv6xM,France
https://t.co/HgIhavv6xM,France
https://t.co/8jQFEANND2,business news bbcnat Follow happynewyear
https://t.co/WDGUGj4yg3,LongCovid Math
https://t.co/2G6bSa3HPM,Maskup
https://t.co/HgIhavv6xM,France
https://t.co/U6EsaAntSz,Coverage Adolescents Black Children Hispanic Medicaid PublicHealth Uninsured V
https://t.co/jeCSsQmgAZ,Coverage Adolescents Black Children Hispanic Medicaid PublicHealth Uninsured V
https://t.co/HgIhavv6xM,France
https://t.co/PAzfiAeScZ,eurodéputés covid
https://t.co/HgIhavv6xM,France
https://t.co/HgIhavv6xM,France
https://t.co/HgIhavv6xM,France
https://t.co/GhcLIBehZp,Covid Puebla Cubrebocas
https://t.co/fZHyJlpKBn,courageousdiscourse
https://t.co/RpYusPvzMs,Hermès Covid China
https://t.co/Bwue8pvLVl,ForcedEndemicism
https://t.co/HgIhavv6xM,France
https://t.co/fqanzbmsBL,Health BiophysicalSociety Cardiology COVID19 Heart
https://t.co/HgIhavv6xM,France
https://t.co/8gQ8TPREdW,Société Covid_19 Maroc
https://t.co/pVPfZghxq1 https://t.co/fsKuAsRuKD,hospitals covid
https://t.co/HgIhavv6xM,France
https://t.co/eWVYRhA4Zg,BioNTech
https://t.co/HgIhavv6xM,France
https://t.co/HgIhavv6xM,France
https://t.co/HgIhavv6xM,France
https://t.co/64tEO9sVrG https://t.co/keCbtaxD9y,headache migraine LongCOVID
https://t.co/fZHyJlpKBn,courageousdiscourse
https://t.co/jb8xHebkag,Impreso
https://t.co/8rLrY5csZX,TyrannyIsTerrorism
https://t.co/BfPqdunSud,FocoInformativo 20Febrero Venezuela casosactivos COVID19 pandemia
https://t.co/waDXQkNv5J,NeverVoteConservative
https://t.co/QfZlR6XhUE,UCREPP
https://t.co/yxHlLo85Wz,SARSCoV2 gravidanza COVID19
https://t.co/HgIhavv6xM,France
https://t.co/3qWSAT3ZTO,businessnews wesleyvirgin
https://t.co/HgIhavv6xM,France
https://t.co/HgIhavv6xM,France
https://t.co/HgIhavv6xM,France
https://t.co/Yu9pEeDEkJ,News Retail Youdle Shopping ProductSightings
https://t.co/kyMYT5hggR https://t.co/EFuCdDjoQU,LongCOVID fatigue
https://t.co/9VfZyCUexU,Covid19
https://t.co/jbswH8hjxf https://t.co/xaMYjFFV1f,vaccination
https://t.co/Ap6BE4Uoi3,COVID19
https://t.co/HgIhavv6xM,France
https://t.co/HgIhavv6xM,France
https://t.co/es7H52YHfx,COVID
https://t.co/CvW4n4gknk https://t.co/TKG2EvdqcD,digitaltransformation telehealth
https://t.co/6xVU6cECqd,ComportamientodelConsumidor DiccionariodelaCOVIDpersistente
https://t.co/xsEJ1Gywyq,PCR COVID
https://t.co/HgIhavv6xM,France
https://t.co/HgIhavv6xM,France
https://t.co/oB7YrhXTFE,Investigación infección bacteria
https://t.co/HgIhavv6xM,France
https://t.co/HTXW9ULXMx,BidenAdministration COVID19 publichealth LifeSciences
https://t.co/FR5yAX9kCV,TechARP Celebrity Celebrities COVID19 Vaccine Vaccination DiedSuddenly Health Healthcare Facts FactsMatter FactCheck Hoax Fake FakeNews Science Medicine Actor
https://t.co/58uaQGD9XI,webinar ELT
https://t.co/HgIhavv6xM,France
https://t.co/N18Muk4k6a,adoption Salesforce digitalsolutions
https://t.co/60GEnAdMmh,dengue
https://t.co/Z4Nmp1tcu1,EnVivo
https://t.co/J0yPalDvRF,ItsABioWeapon
https://t.co/HgIhavv6xM,France
https://t.co/tb1G4heyJA,LongCovid NotRecovered
https://t.co/MQrgOv2XG3,MWGFD COVID Impfaufklärung
https://t.co/HgIhavv6xM,France
https://t.co/gsJJJqapVk,Deportes
https://t.co/LBoRWvAuXQ,news CNBC
https://t.co/NfhtUD1u0Y,NFL COVID19 vaccine DamarHamlin buffalobills
https://t.co/HgIhavv6xM,France
https://t.co/Fn6JryhUMQ,COVID19 vaccines diabetes
https://t.co/HgIhavv6xM,France
https://t.co/w3UmkQKadH,EsTiempo Honduras
https://t.co/HgIhavv6xM,France
https://t.co/HgIhavv6xM,France
https://t.co/gb951zKBc0,covid greypanthers gas RSA
https://t.co/Ox2A7IJpk4,Osorno ReporteCovid
https://t.co/eOqpmVwlIh,EscuelasSEguras
https://t.co/BnqIJpHzkZ,IncomeInequality GlobalChallenge
https://t.co/IhLNGUf5hF,Moderna
https://t.co/HgIhavv6xM,France
https://t.co/HgIhavv6xM,France
https://t.co/HgIhavv6xM,France
https://t.co/X2aS7Q6xf7,Vulnerable
https://t.co/MApNH0kdLx,law personalinjury criminallaw employmentlaw willandestates corporatelaw
https://t.co/iG611d03V0,digitalhealth socialmedia
https://t.co/HgIhavv6xM,France
https://t.co/ftszZE67IL,lascienza
https://t.co/HgIhavv6xM,France
https://t.co/HgIhavv6xM,France
https://t.co/AeCR5UdN9J,Covid EstelMigdia
https://t.co/HgIhavv6xM,France
https://t.co/HgIhavv6xM,France
https://t.co/Od8nbIHy6f,COVID
https://t.co/iG611d03V0,digitalhealth socialmedia digitalmarketing AI industry40 healthtech mhealth IoT
https://t.co/JWTW7Mfsg8,DILeaders
https://t.co/scTCNUCkZC,F360BR ESPNnoStarPlus
https://t.co/GK0Y9JRlud,Radar24RD Radar24h RD Noticias Pandemia Covid Coronavirusrd Covid19 Coronavirus
https://t.co/mZ3Xrv3no4,Atención
https://t.co/eukRhKR9Xg,UHMBT LongCovid Longcovidsupport
https://t.co/HgIhavv6xM,France
https://t.co/agaUwdOgvd,covid19
https://t.co/Jl7zdr26Yg https://t.co/Jy4ATG1v0v,SuperBalitaSaGabi
https://t.co/84lrcJ6D8I,COVIDvaccinations
https://t.co/HgIhavv6xM,France
https://t.co/Ftb9A4NKXI,doctor medicine medical health nurse hospital doctors healthcare surgery covid medicalstudent medico neet surgeon medstudent mbbs medschool dentist love medicina medicalschool physician coronavirus
https://t.co/0eAFrWX3Wr,Japalpilpa
https://t.co/dKFD5HW8tL,LongCOVID COVID19
https://t.co/V7elhFmqwr,covid_19 lomásleído
https://t.co/HgIhavv6xM,France
https://t.co/HgIhavv6xM,France
https://t.co/HgIhavv6xM,France
https://t.co/KrkmdTMDNb,law personalinjury criminallaw employmentlaw willandestates corporatelaw
https://t.co/HgIhavv6xM,France
https://t.co/HgIhavv6xM,France
https://t.co/HgIhavv6xM,France
https://t.co/C6D5hVPDv1,vaccinated vaccinedeaths diedsuddenly longcovid questioneverything vaccinetriggers bloodclots briefillness cardiacarrest
https://t.co/HgIhavv6xM,France
https://t.co/HgIhavv6xM,France
https://t.co/HgIhavv6xM,France
https://t.co/HgIhavv6xM,France
https://t.co/sFnCezWJxL,Revival
https://t.co/tSyor8DF3j,Verdict
https://t.co/HgIhavv6xM,France
https://t.co/538oA25pDZ,Japalpilpa
https://t.co/HgIhavv6xM,France
https://t.co/Pu7tkGGOHP,COVID
https://t.co/HgIhavv6xM,France
https://t.co/HgIhavv6xM,France
https://t.co/HgIhavv6xM,France
https://t.co/HgIhavv6xM,France
https://t.co/F29I8WozKZ,MedPub MedTwitter MedEd MedNews
https://t.co/YGqV2muGkU,CarnavalesFelices2023
https://t.co/APM1sRURCZ,Impfung
https://t.co/YGqV2mu8vm,CarnavalesFelices2023
https://t.co/HgIhavv6xM,France
https://t.co/UXx0ifV6D5,COVID19NL
https://t.co/HgIhavv6xM,France
https://t.co/HgIhavv6xM,France
https://t.co/gAhQETKudk,PublicHealth Uninsured
https://t.co/FjL0EZobaM,PublicHealth Uninsured
https://t.co/z72nCaIUtl,coronavirus covid19
https://t.co/df0H0p0DTV,Covid Haute
https://t.co/XjeBAN2TF4,GodSaveAmerica
https://t.co/HgIhavv6xM,France
https://t.co/zm7NhrqMKq,PersonalFinance
https://t.co/iUkFrVVZgA,highlycitedpaper IoMT Covid19 wearablebiomonitoring liquidmetals
https://t.co/HgIhavv6xM,France
https://t.co/Xi8Xg05imH,assurance
https://t.co/HgIhavv6xM,France
https://t.co/HgIhavv6xM,France
https://t.co/jbswH8hjxf https://t.co/xaMYjFFV1f,vaccination
https://t.co/SXHGGUHXSp,physicalactivity LongCovid
https://t.co/HgIhavv6xM,France
https://t.co/0Z4DpnhgHu,ReintégrationDuPersonnelSuspendu SoignantsSuspendus VaccinationObligatoire VaccinationSoignants
https://t.co/zaprDv9k5Y,BlindeFlecken SchwereSchuld
https://t.co/FUmEKOB8nW,ncga ncpol
https://t.co/cXXkzmQmHV https://t.co/7AQFmAelmD https://t.co/HZ9nXscpAW,拡散希望 相互フォロー
https://t.co/J5a3Ef9q7f,Covid JusticePourLesSuspendus
https://t.co/P6r8tEAlYT,Pfizer Covid
https://t.co/IhtJjef7qv,MSM bigpharma propaganda
https://t.co/HgIhavv6xM,France
https://t.co/ydm6u7RNOH,COVID unvaccinated
https://t.co/HgIhavv6xM,France
https://t.co/ga8kZ9Tvwq,agi
https://t.co/kyMYT5hggR https://t.co/EFuCdDjoQU,LongCOVID fatigue
https://t.co/HgIhavv6xM,France
https://t.co/HgIhavv6xM,France
https://t.co/sS6iGqcQ5J,Australia
https://t.co/qPGQTE52pQ,MedPub MedTwitter MedEd MedNews
https://t.co/Ac4ynzofWs,COVID
https://t.co/gTA23ItJwH,Nacionales
https://t.co/r75u7pyLrx,COVID19
https://t.co/W1ZkoPkfV6,CidadeSP
https://t.co/kyMYT5hggR https://t.co/EFuCdDjoQU,LongCOVID fatigue
https://t.co/kyMYT5hggR https://t.co/EFuCdDjoQU,LongCOVID fatigue
https://t.co/1hbXnT3YGQ,หางาน สอบ covid หางานออนไลน์ หางานราชการ งานราชการ งานดี
https://t.co/YQiRUqO0oH,NoshacemosEco
https://t.co/HgIhavv6xM,France
https://t.co/HgIhavv6xM,France
https://t.co/HgIhavv6xM,France
https://t.co/wrMaQXSVOj,TG2000 20febbraio Biden Zelensky Ucrania Kiev RussiaUkraineWar WangYi Leopoli Cina PerugiAssisi benzina governo Siccità Codogno Covid carnevale2023 Tv2000
https://t.co/46t2QKWChh,MambisesDeAcero DeZurdaTeam
https://t.co/59CXjuZSrV,Midazolan
https://t.co/HgIhavv6xM,France
https://t.co/SmQOxk8Bd5,COVID19 COVID19at
https://t.co/HgIhavv6xM,France
https://t.co/Fl7WHZCkx7,Idaho Covid19 mRNA vaccine
https://t.co/uZWyez8mq3,verano septiembre Último TEVDAdeVerano FinEstadoDeAlarma
https://t.co/HgIhavv6xM,France
https://t.co/r9191DVxG6,Último TEVDAdeVerano EstadoDeAlarma
https://t.co/R6HYm7T6OD,Coronavirus Hôpital Gouvernement
https://t.co/rk5sb0mPEk,TG2000 20febbraio Biden Zelensky Ucrania Kiev RussiaUkraineWar WangYi Leopoli Cina PerugiAssisi benzina governo Siccità Codogno Covid carnevale2023 Tv2000
https://t.co/HgIhavv6xM,France
https://t.co/bVwdKaaq0h,MedPub EpidTwitter MedEd Epidemiology
https://t.co/WCMhjyhpcU,ICYMI HealthEquity
https://t.co/zACBtYnaG7,crítica EstrenoT14 EstadoDeAlarma ToqueDeQueda Mascarilla Covid19
https://t.co/sBVM4OxGlo,crítica Estreno T14 FinEstadoDeAlarma FinToqueDeQueda
https://t.co/fZHyJlpKBn,courageousdiscourse
https://t.co/xvYZan8sQd,verano EstadoDeAlarma ToqueDeQueda Mascarilla Covid19 Covid_19 COVIDー19
https://t.co/K63baiqupQ,LosProtegidos ElRegreso crítica EstadoAlarma ToqueDeQueda Mascarillas Covid19
https://t.co/00tjR0IpLf,LosProtegidos ElRegreso crítica FinEstadoDeAlarma FinToqueDeQueda Mascarilla
https://t.co/ow9BcxXduV,dinero felicidad FinEstadoDeAlarma ToqueDeQueda Mascarilla Covid19
https://t.co/pi7vMfsPsD,dinero felicidad EstadoDeAlarma FinToqueDeQueda Mascarillas Covid19
https://t.co/TsjDGCGSiy,COVID19 vaccini VaccineDeath VaccineSideEffects SuddenCardiacDeath Moderna Singapore mRNA EventiAvversi
https://t.co/BsExUd4o9x,otoño restricciones EstadoAlarma ToqueDeQueda Mascarilla Covid19 Covid_19
https://t.co/HgIhavv6xM,France
https://t.co/V5NHDO12ZL,otoño restricciones FinEstadoDeAlarma FinToqueDeQueda Mascarilla Covid
https://t.co/fZHyJlpKBn,courageousdiscourse
https://t.co/HgIhavv6xM,France
https://t.co/Buo4wbiwAI,Fiestas EstadoDeAlarma ToqueDeQueda
https://t.co/5lB96eQIhX,ElJuegoDelCalamar crítica FinEstadoDeAlarma ToqueDeQueda Mascarillas Covid19
https://t.co/yWmfZNKg6Q,mRNA Jabs science covid NaturalImmunity
https://t.co/IfBGAnW9xL,ElJuegoDelCalamar EstadoDeAlarma FinToqueDeQueda Mascarilla Covid19
https://t.co/EvNyHpFcxn,SoignantsSuspendus RNvite
https://t.co/ClEJ2myA5y,QNSDA16 EstrenoT2 ElJuegoDelCalamar EstadoDeAlarma
https://t.co/VzoEkge31M,EstadoDeAlarma ToqueDeQueda Mascarillas Covid19 Covid_19 COVIDー19
https://t.co/U3brlsNfCQ,Master Leo
https://t.co/OESr8vTK1y,FinEstadoDeAlarma FinToqueDeQueda Mascarilla Covid19 Covid_19
https://t.co/1SNncUVqOX,columbiauniversity newyorkcity sandiego andrewmarks dementia siddharthsingh
https://t.co/jtTBDC1fKx,LaVozdeTarija Bolivia
https://t.co/uVXsKy3jSV,FinEstadoDeAlarma FinToqueDeQueda Mascarillas Covid19 Covid_19
https://t.co/HgIhavv6xM,France
https://t.co/ElNWmwipSN,EstadoDeAlarma ToqueDeQueda Mascarilla Covid19 Covid_19
https://t.co/LHVzeR6wFO,college covid vaccine mandates
https://t.co/F7c2KTwriS,EstadoDeAlarma ToqueDeQueda Mascarillas Covid19 Covid_19 COVIDー19
https://t.co/zrnnFhsTAN,domingo FinEstadoDeAlarma FinToqueDeQueda Mascarilla Covid19 Covid_19
https://t.co/hxMJ52NKTz,AbyaYalaTv
https://t.co/e3zihyxDPF,cashapp luxurylifestyle entrepreneurship like cashmoney bank bet bills payday passiveincome income life cashflow remotework workfromhome remoteworking digitalnomad entrepreneur wfh business coworking covid workfromanywhere
https://t.co/HWjugSN7pH,AURORA VIRGEN BARÁSOAIN FelizLunes Valdorba Navarra
https://t.co/LAGZnWqKBC,FinEstadoDeAlarma FinToqueDeQueda Mascarilla Covid19
https://t.co/WOtqRRcYlF,ficción EstadoAlarma ToqueDeQueda Mascarillas Covid19 Covid_19
https://t.co/v2QiZV7ELJ,MasterchefCelebrity EstadoAlarma PasaporteCovid Mascarilla Covid19
https://t.co/hTyHk1yMen,PasaporteCovid ToqueDeQueda Mascarilla Covid19 Covid_19 COVIDー19
https://t.co/ai8sGc7uM5,PasaporteCovid EstadoDeAlarma Mascarillas Covid19 Covid_19
https://t.co/gO6ldW8KwH,mejor Navidades PasaporteCovid EstadoAlarma Mascarillas Covid19 Covid_19
https://t.co/IkjDjsDvr3,LastWeekinCollapse Thwaites DoomsdayGlacier SeaLevelRise Megadrought WaterWars CycloneGabrielle NorthKorea Famine Protests Earthquake CDCReport BiodiversityLoss ClimateCrisis UkraineRussiaWar Haiti MarburgVirus COVID
https://t.co/HgIhavv6xM,France
https://t.co/UzslykjVv2,Larnaca Cyprus
https://t.co/lnRoF1Cu7s,s
https://t.co/SSjneflQ0h,SmartNews
https://t.co/d2fqRDlIIZ,Cabalgata Reyes PasaporteCovid ToqueDeQueda Mascarillas Covid19 Covid_19
https://t.co/HgIhavv6xM,France
https://t.co/xebwrAWfqG,Cabalgata Reyes PasaporteCovid EstadoDeAlarma Mascarilla Covid19 Covid_19
https://t.co/HgIhavv6xM,France
https://t.co/OVNqtPRXcY,Reyes PasaporteCovid ToqueDeQueda Mascarilla Covid19
https://t.co/HgIhavv6xM,France
https://t.co/jbswH8hjxf https://t.co/xaMYjFFV1f,vaccination
https://t.co/jbswH8hjxf https://t.co/xaMYjFFV1f,vaccination
https://t.co/I3RIuruIUM,PasaporteCovid EstadoDeAlarma Mascarilla Covid19 Covid_19 COVIDー19
https://t.co/UnAnJ8iCoG,Covid pandemic CONservative H5N1
https://t.co/c6Bpmz5yoe,DiaInternacionalDeLaEducacion FelizLunes FelizSemana
https://t.co/HgIhavv6xM,France
https://t.co/HgIhavv6xM,France
https://t.co/JLzSBH09jx,PasaporteCovid ToqueDeQueda Mascarillas Covid19 Covid_19 COVIDー19 Coronavirus
https://t.co/jZD2ZNQpDX,CovidVaccines Covid COVIDVACCINE
https://t.co/HgIhavv6xM,France
https://t.co/SzGobGqISh,Chanel Sanremo2022 BenidormFest Mascarilla
https://t.co/GybhElwLLi,Covid19 Covid_19 COVIDー19 Covid Vacunas Vaccines
https://t.co/3MwGIjoOXE,CorsiRosenthalBox LongCovid CovidIsntOver
https://t.co/rWiGJmG3Sh,Alba crítica Pasaporte Covid19 Covid_19 COVIDー19 Covid Vacuna Restricción
https://t.co/bQrSJsjgw1,25añosSaberYGanar Rusia Covid COVIDー19 Contagios Positivos
https://t.co/HgIhavv6xM,France
https://t.co/vOBUDhohr9,SaberYGanar 25añosSaberYGanar Rusia Covid COVIDー19
https://t.co/HgIhavv6xM,France
https://t.co/lC0xnK7IaU,alumnos profesor COVID19 Covid_19 COVIDー19
https://t.co/sJQrUemM2h,smartcherryendestino smartcherry cerezas china
https://t.co/HgIhavv6xM,France
https://t.co/HgIhavv6xM,France
https://t.co/XggQMDg0ff,EsTiempo Honduras
https://t.co/HgIhavv6xM,France
https://t.co/SZDrFJAzo5,bolsonaropreso
https://t.co/mkU04ML8Ox,covid soignants
https://t.co/HgIhavv6xM,France
https://t.co/HgIhavv6xM,France
https://t.co/HgIhavv6xM,France
https://t.co/27O5fmWlsr,Bingwa InitiativeBINGWA
https://t.co/HgIhavv6xM,France
https://t.co/HgIhavv6xM,France
https://t.co/glimsNgmxd,TempoDunia
https://t.co/TGDDZLqeDa,郭文貴 MilesGuo 爆料革命 牛津夢想農場
https://t.co/H1UolQdisG,France JusticePourLesSuspendus
https://t.co/xopXA7ZGdu,郭文貴 MilesGuo 爆料革命 牛津夢想農場 七言星語 HongKong 滅共 中共病毒 CCP COVID
https://t.co/niKYD5PpRX,COVID CCP
https://t.co/OOZqv3us0J,CCPVaccines
https://t.co/54CFrgBDvE,influenza COVID pandemic
https://t.co/HgIhavv6xM,France
https://t.co/OOZqv3tUbb,郭文貴 MilesGuo 爆料革命 牛津夢想農場 七言星語 HongKong 滅共 中共病毒 CCP COVID
https://t.co/NyGLSgiHAS,WearARespirator
https://t.co/HgIhavv6xM,France
https://t.co/kFSPFYaeM9,Chinese CCPVaccines CCPvirus COVID
https://t.co/REAb2Z1RM0,WearAMask BringBackMasks CovidIsntOver
https://t.co/kFSPFYaeM9,郭文貴 MilesGuo 爆料革命 牛津夢想農場 七言星語 HongKong 滅共 中共病毒 CCP COVID 中共毒疫苗 疫苗災難
https://t.co/XggQMDg0ff,EsTiempo Honduras
https://t.co/q3xR5X2Dlk,openaccess
https://t.co/HZF8k3DHNt,China
https://t.co/zV3sutvTeV,郭文貴 MilesGuo 爆料革命 牛津夢想農場 七言星語 HongKong 滅共 中共病毒 CCP COVID
https://t.co/HgIhavv6xM,France
https://t.co/REAb2Z1RM0,WearAMask BringBackMasks CovidIsntOver
https://t.co/HgIhavv6xM,France
https://t.co/HgIhavv6xM,France
https://t.co/2o12tFRw0o,ACBACLE
https://t.co/faxMFhE9xO,ICONEarlyPhaseServices Healthy
https://t.co/Smr4cU8GTD https://t.co/NZDhW3mYZk,fbmg gulfood2023
https://t.co/HgIhavv6xM,France
https://t.co/zkHHzQngRZ,COVID19
https://t.co/HgIhavv6xM,France
https://t.co/FeZCx7JrXG,Psychology Psych
https://t.co/HgIhavv6xM,France
https://t.co/HgIhavv6xM,France
https://t.co/zCnJnqaX3H,RIGL
https://t.co/5ibNnD1Uym,droitsdesartistes
https://t.co/REAb2Z1RM0,WearAMask BringBackMasks CovidIsntOver
https://t.co/xXy6eQWKd1,CovidsStillHere
https://t.co/MpSbFAokuR,Covid HAS Vaccination
https://t.co/HgIhavv6xM,France
https://t.co/ubWlc22fE5,Cyprus Covid_19
https://t.co/U0jBFkmmL9,patrimonio sociedad sociedades BDOEcuador PersonasAyudandoAPersonasAAlcanzarSusSuenos
https://t.co/7FEbESGvz8,vaccins
https://t.co/od1lqDVrXm,Covid19
https://t.co/jkRqqEgIFe,electricity usa BREAKING imrankhan covid COVID19 LatestNews trendingnews trendingnow trending share SharePost
https://t.co/zgB0h3GbUt,Kemenkes BudiGunadiSadikin VaksinCovid19
https://t.co/HgIhavv6xM,France
https://t.co/piUjxz36Fs,LongCovid
https://t.co/rye4xYCaP3,SoignantsSuspendus
https://t.co/1UjzHebbhD,COVIDVACCINE
https://t.co/H5nP9iNMKu,TheChilde 김선호 KimSeonHo
https://t.co/HgIhavv6xM,France
https://t.co/d7laPnCuZm,Finanzas EnfoqueNoticias noticias
https://t.co/48ZJeaX1gF,DeOchoColumnas Tribuna987
https://t.co/rsL7oh1Nkv,GoFundMe
https://t.co/N3Z4iuuf6c,CovidHir
https://t.co/b9PB53lbSC,alumnos Rusia Covid Contagios
https://t.co/LuZbmKKjpm,Albacete
https://t.co/zgB0h3GbUt,Kemenkes BudiGunadiSadikin VaksinCovid19 BpjsKesehatan
https://t.co/K0lvnnY28S,airpurifier covid19 ap360 instock cleanair
https://t.co/WYkFFk2XAz,GetVaccinatedGetProtected
https://t.co/0bbJIIIywv,abuelos COVID19 Covid_19 COVIDー19 Contagio Positivos Covid
https://t.co/XdyUpY20z4,You COVID19 Covid_19 COVIDー19 Contagios Positivos Covid Ukraine
https://t.co/iUalQznpAn,COVID19 Covid_19 COVIDー19 Contagio Positivo Covid Ukraine Russia
https://t.co/lv4DRWa4PG,chemicalpollutants COVID19 ISGlobal
https://t.co/SiJor3NP59,COVID19 Covid_19 COVIDー19 Contagios Positivos Covid Ukraine
https://t.co/AnKSN3QBJO,entrepreneur exitstrategy
https://t.co/SBVRTIxK0Q,LaPalma Ucrania COVID19 Covid_19 COVIDー19 Contagio Positivo Covid Ukraine
https://t.co/XggQMDg0ff,EsTiempo Honduras
https://t.co/3mpJDsPrbI,gopfascists
https://t.co/M44Oz4hNkX,LaPalma Ucrania COVID19 Covid_19 COVIDー19 Contagios Positivos Covid
https://t.co/T5VxNLzNbW,HamOnt
https://t.co/nl844bTQxr,COVID19 Covid_19 COVIDー19 Contagio Positivo Covid Ukraine
https://t.co/pVFcJea58x,COVID19 Covid_19 COVIDー19 Contagios Positivos Covid Ukraine
https://t.co/l2NjfU2QKa,COVID19 Covid_19 COVIDー19 Contagios Positivos Covid Ukraine
https://t.co/3XGnXFL7R0,mentalhealth blues isolation anxiety COVID depression health
https://t.co/fenm0sfOzs,PedaZitosDeVuelta COVID19 Covid_19 COVIDー19 Contagio Positivo Covid Ukraine
https://t.co/zNsTBGk1nG,Country Music Radio internet
https://t.co/vBSoJDbaNz,COVID19
https://t.co/lbzunetqve,COVID19 variants
https://t.co/UrjpdXg93l,COVID19 Covid_19 COVIDー19 Contagios Positivos Covid
https://t.co/2h90lRDFle https://t.co/ASmQAiyl9q,Covid Vaccine
https://t.co/MczNsuslEu,123INFO
https://t.co/IxvzNGAXSV,TEVDA300 COVID19 Covid_19 COVIDー19 Contagios Positivos Covid Ukraine Russia
https://t.co/PERRaIdgBZ,clarityfirst
https://t.co/WlNW4JvkM0,FamilyDay
https://t.co/zwwtHWsLLl,TEVDA300 COVID19 Covid_19 COVIDー19 Contagio Positivo Covid Ukraine Russia
https://t.co/IxvzNGAXSV,TEVDA300 FelizLunes FelizSemana FelizMartes FelizMiercoles FelizJueves FelizViernesATodos
https://t.co/M7eUhacuqA,NorthernOntario COVID onpoli cdnpoli
https://t.co/FIRAXAwLiw,globalhealth covidresearch healtheconomics healthinindia malaria
https://t.co/r79io5WyoF,COVID19 Covid_19 COVIDー19 Contagios Positivos Covid Ukraine Russia
https://t.co/Z723HIYKbD,winnipegmb Winnipeg Manitoba Canada WinnipegMB
https://t.co/SNhgXcdYj7,COVID19 Covid_19 COVIDー19 Contagio Positivo Covid Ukraine Russia
https://t.co/HgIhavv6xM,France
https://t.co/8mUBcfPRul,COVID19 Covid_19 COVIDー19 Contagios Positivos Covid Ukraine
https://t.co/NuucUrZqN8,COVID19 医療費 ワクチン接種 ニュース
https://t.co/AxGcDYxDRY,IDTwitter ARDS CriticalCare HemeTwitter Hematology
https://t.co/b1VwKH9KTx,COVID19 Covid_19 COVIDー19 Contagio Positivo Covid Ukraine
https://t.co/IfbCfpgwVa,leadership
https://t.co/jyTQCrtqnZ,COVID19 Covid_19 COVIDー19 Contagios Positivos Covid
https://t.co/mFzMuRXIFw,NCPA
https://t.co/at5S7v8Pre,machinelearning compchem
https://t.co/HgIhavv6xM,France
https://t.co/AHhevzmUiW,SanFermin COVID19 Covid_19 COVIDー19 Contagio Positivo Covid
https://t.co/XBv42Fz8cv,CX experiences
https://t.co/XaGmHrQ7Pv,EthicsTalk
https://t.co/HI17VkkDsZ,Podcast
https://t.co/pTGdKXDuZr,COVID19 Covid_19 COVIDー19 Contagios Positivos Covid Ukraine
https://t.co/HgIhavv6xM,France
https://t.co/HgIhavv6xM,France
https://t.co/7KMkBPlcUX,GIGANTES CARCASTILLO PAMPLONA SF COVID19 Covid_19 COVIDー19 Covid
https://t.co/YGus3Y4601,covid
https://t.co/zcq1PveD0t,momarandu
https://t.co/ynEYP74W0E,MasterChef10 COVID19 Covid_19 COVIDー19 Contagios Positivos
https://t.co/vJtlSSzfP9,MasterChef10 COVID19 Covid_19 COVIDー19 Contagio Positivo
https://t.co/HgIhavv6xM,France
https://t.co/HgIhavv6xM,France
https://t.co/lC0xnK7IaU,Reflexiones alumnos TEVDAdeVerano COVID19 Covid_19 COVIDー19 Contagios
https://t.co/rWiGJmG3Sh,Crítica Alba TEVDAdeVerano COVID19 Covid_19 COVIDー19
https://t.co/0bbJIIIywv,abuelos TEVDAdeVerano COVID19 Covid_19 COVIDー19 Contagio
https://t.co/8gIC7JqDZ1,ExcessDeaths
https://t.co/nVt38scoPi,Research StudyatUL
https://t.co/b9PB53lbSC,Reflexiones alumnos TEVDAdeVerano COVID19 Covid_19 COVIDー19 Contagio
https://t.co/twSqSONg17,Crítica Alba TEVDAdeVerano COVID19 Covid_19 COVIDー19 Contagios
https://t.co/iEVysHOAio https://t.co/rezuUcP7gB,mRNA
https://t.co/GZbBGIFsYv,abuelos TEVDAdeVerano COVID19 Covid_19 COVIDー19 Contagios
https://t.co/O9EKPOdLTd,OAN
https://t.co/QQz9B8FIig,Casi300 TEVDAdeVerano COVID19 Covid_19 COVIDー19 Contagio Positivo Covid Ucrania
https://t.co/HgIhavv6xM,France
https://t.co/JLzSBH09jx,TEVDAdeVerano COVID19 Covid_19 COVIDー19 Contagios Positivos Covid Rusia
https://t.co/HgIhavv6xM,France
https://t.co/HgIhavv6xM,France
https://t.co/oCDLZiyQCn,Fiestas Barásoain TEVDAdeVerano FelizLunes FelizMartes FelizMiercoles
https://t.co/HgIhavv6xM,France
https://t.co/JiQ0SGbVk9,Fiestas Barásoain TEVDAdeVerano FelizLunes FelizMartes FelizMiercoles
https://t.co/nl844bTQxr,TEVDAdeVerano COVID19 Covid_19 COVIDー19 Contagio
https://t.co/V1T43YmioT,TEVDAdeVerano COVID19 Covid_19 COVIDー19 Contagios
https://t.co/obCKbk0eIz,SoignantsSuspendus
https://t.co/HgIhavv6xM,France
https://t.co/HgIhavv6xM,France
https://t.co/5XyFIteTA8,COVID19 Covid_19 COVIDー19 Contagios Positivo Covid Ucrania
https://t.co/HgIhavv6xM,France
https://t.co/yDXd8PVwkn,COVID19 Covid_19 COVIDー19 Contagio Positivos Covid
https://t.co/k9jcwVv1dI,Covid_19 PM DOST Noida
https://t.co/gD8H4GkClY,mRNA StopTheShotsNow
https://t.co/wWYhuJbHtE,FmCentro CentroInformativo
https://t.co/SWZ0bkvccE,COVID19 Covid_19 COVIDー19 Contagios Positivo Covid EstadoAlarma
https://t.co/XggQMDg0ff,EsTiempo Honduras
https://t.co/NnHfEw7W4m,Iran COVID19
https://t.co/T3aW4miIOn https://t.co/IzoF2jb68L,covid lesmasquesblancs Nantes
https://t.co/rfrPHuhkdi,Honduras Deportes DiarioMás
https://t.co/N90I1em2qA,Orgullo docente COVID19 Covid_19 COVIDー19 Contagio Positivos Covid EstadoDeAlarma
https://t.co/HgIhavv6xM,France
https://t.co/HgIhavv6xM,France
https://t.co/RrymlBiRc1,JusticePourLesSuspendus RéintégrezPersonnelsSuspendus
https://t.co/StZIgTueTw,truth vaccine trudeaumustgo canada
https://t.co/8p2Jf8UE2k,COVID19 Covid_19 COVIDー19 Covid EstadoDeAlarma ToqueDeQueda Russia
https://t.co/HgIhavv6xM,France
https://t.co/HgIhavv6xM,France
https://t.co/e4jUvmouXg,COVID19 Covid_19 COVIDー19 Covid EstadoAlarma ToqueDeQueda Russia
https://t.co/qdtklDuZcW,AEFI
https://t.co/mxc6AiEOm2,You COVID19 Covid_19 COVIDー19 Covid EstadoDeAlarma ToqueDeQueda
https://t.co/Ek7VgLkJVf,Tuberculosis TB ThinkTB
https://t.co/bKYnCZDIss,DiscoverUI publichealth epidemiology
https://t.co/HgIhavv6xM,France
https://t.co/6RpIoQfzkQ,You COVID19 Covid_19 COVIDー19 Covid EstadoAlarma
https://t.co/6aBfsAGcBj,Coronavirus COVID19 Covid Covid_19
https://t.co/HgIhavv6xM,France
https://t.co/HgIhavv6xM,France
https://t.co/XggQMDg0ff,EsTiempo Honduras
https://t.co/HCJ1IEWd65,pandemic Covid LongCovid
https://t.co/3BTeI2W6lq,Impfung COVID19
https://t.co/XB5WKtql6Y,StartupWithMC AdmitKard GSVVentures
https://t.co/1f9om6B5yP,Économie
https://t.co/mEpnVGpsKI,ANSA
https://t.co/2CjsKtWz6H https://t.co/eKM8LyUgQT,COVIDVACCINE JesusIsComingSoon
https://t.co/HgIhavv6xM,France
https://t.co/HgIhavv6xM,France
https://t.co/G76JIaT24l,NHL Covid19 COVID_19 LongCovid
https://t.co/HgIhavv6xM,France
https://t.co/mwl351SCqn,covid vaccinazioni
https://t.co/GaduelnIm5,BELCovid
https://t.co/xGH42az22j,ArtificialIntelligence Robotics coronavirus COVID__19
https://t.co/iGQ7BbvcBD,LestWeForget TheScience covid_19
https://t.co/PmAsMi5p6B,PersonalInformation POPIA HealthDepartment COVID19 InformationRegulator
https://t.co/5OEJ1Bzasv,socialjustice blacklivesmatter justice blm equality humanrights activism love awareness covid community racism racialjustice feminism mentalhealth education
https://t.co/ssXGKsYOEm,ProtecttheVulnerable forgotten500k
https://t.co/IsiTvIcPvh,infección covid riesgo diabetes
https://t.co/HgIhavv6xM,France
https://t.co/HgIhavv6xM,France
https://t.co/HgIhavv6xM,France
https://t.co/KpjhJsmf7p,COVID19 Ponferrada Bierzo Covid
https://t.co/HgIhavv6xM,France
https://t.co/lLX0GCMeEm,CovidIsntOver WearAMask BringBackMasks
https://t.co/RKC8qVypsU,longCOVID news
https://t.co/XzaLhK1VOh,CrimesAgainstHumanity StoptheShots
https://t.co/vOW8wkJi9p,GoogleAlerts
https://t.co/HgIhavv6xM,France
https://t.co/HgIhavv6xM,France
https://t.co/V0BpBxSjky,ANSA
https://t.co/KzbgKIpoTw,Yahooニュース
https://t.co/uNeF54Ynsj,BreakingNews conservative ConservativeNews
https://t.co/HgIhavv6xM,France
https://t.co/hBpw0EfW8P,AntiHealth AntiEducation AntiScience
https://t.co/G7QiSGVJSJ,Immunocompromised
https://t.co/HgIhavv6xM,France
https://t.co/HgIhavv6xM,France
https://t.co/HgIhavv6xM,France
https://t.co/zjNp8irqLt,COVID
https://t.co/DJBJf4WG3c,львів варта1 lviv
https://t.co/HgIhavv6xM,France
https://t.co/esJP5MtgPE,facemasks covid_19
https://t.co/QaDGF7yIqw https://t.co/vfRm3N7AVW,feelbetterfaster
https://t.co/HgIhavv6xM,France
https://t.co/l6pqQZu3Cz,noticiasdemexico mexiconoticias ultimahora
https://t.co/HgIhavv6xM,France
https://t.co/HgIhavv6xM,France
https://t.co/OgsTCKnmWp,HIV HIV MECFS LongCovid
https://t.co/HgIhavv6xM,France
https://t.co/mC3JG3vcmU,paperfactory ghettomogul
https://t.co/HgIhavv6xM,France
https://t.co/HgIhavv6xM,France
https://t.co/HgIhavv6xM,France
https://t.co/s8cnWOQbYU,vaccine clinicaltrial
https://t.co/sTifE9J5jy,SunCity AZNEWSMEDIA
https://t.co/EwDBXpGc3q,lockdowns quarantaines China covid19 protest censuur politiek mensenrechten Azië
https://t.co/HgIhavv6xM,France
https://t.co/QL0Xl4RotV,COVIDVACCINE
https://t.co/VEKnnOSqGI,AI BigTech
https://t.co/phFXqoXzKg,PresidentsDay
https://t.co/HgIhavv6xM,France
https://t.co/Rq37wnJNmQ,Health herdimmunity achieving
https://t.co/Ubu89as8gI,cancer COVIDVACCINE
https://t.co/OYkzVOjKLR,Longcovid Nanotechnology GenTherapy
https://t.co/HgIhavv6xM,France
https://t.co/A3vAfkf3fU,conectavocêaomundo pihoje PortalPiauíHoje teresina
https://t.co/HgIhavv6xM,France
https://t.co/aC1GwofUwk,RapportFRSTogo
https://t.co/EJQMiSBh2p,suspendus
https://t.co/ao7bx1VTvZ,ChildMarriage
https://t.co/HgIhavv6xM,France
https://t.co/jN0JNrSiKs,longCOVID
https://t.co/G76JIaT24l,NHL Covid19 COVID_19 LongCovid
https://t.co/HgIhavv6xM,France
https://t.co/HgIhavv6xM,France
https://t.co/HXoziF1MF7,soberaf recoveryposse covid odaat
https://t.co/HgIhavv6xM,France
https://t.co/HgIhavv6xM,France
https://t.co/FnIQ8eSxtG,France JusticePourLesSuspendus
https://t.co/HgIhavv6xM,France
https://t.co/EDLUwUv8em,COVID19 CovidIsNotOver
https://t.co/w3aEt4AkTu,Entérate
https://t.co/STI72Z9aU8 https://t.co/j3v55dvw9J,covid_ph
https://t.co/HgIhavv6xM,France
https://t.co/uU47aJjjIx,France JusticePourLesSuspendus
https://t.co/HgIhavv6xM,France
https://t.co/YZ7FXtnJMZ,COVID19
https://t.co/sYsrwLrwNl https://t.co/aIYZqx4Tis,covid_ca
https://t.co/WPwXzJ6kYf,UltraSA2023 SmirnoffStorm UltraSAxStorm
https://t.co/UiP5Oi8li6,COVID boosters LongCOVID
https://t.co/5dPPNlPZSx,DFFull
https://t.co/HgIhavv6xM,France
https://t.co/PsUgkezTty,Albacete
https://t.co/Rq37wnJNmQ,Health herdimmunity achieving
https://t.co/7BuNHCQlNr,MedPub PulmoTwitter MedEd Pulmonology
https://t.co/HgIhavv6xM,France
https://t.co/uQ8COAy0uf https://t.co/SuY3U1T8mx,JPU Covid Covid19
https://t.co/ayexXTQV99,Dukung Covid Covid19
https://t.co/4Hkd0URDz2,Angka Covid Covid19
https://t.co/huzaF3SXE6,Waspada Covid Covid19
https://t.co/MJPian0Izz https://t.co/2YRRJWoBR0,TINDAKLANJUTI Covid Covid19
https://t.co/HgIhavv6xM,France
https://t.co/8zq2258WOw https://t.co/8FhRAzl7Bq,covid_th
https://t.co/Rq37wnJNmQ,Health herdimmunity achieving collectiveresponsibility Covid19
https://t.co/5vhj0a0bhl,Pakistan PakistanBankrupt PakistanEconomicCrisis shehbaz COVID19
https://t.co/HgIhavv6xM,France
https://t.co/DWHkY9VCAe,covid19 Vaccination
https://t.co/HgIhavv6xM,France
https://t.co/HgIhavv6xM,France
https://t.co/3pR6XhrEdm https://t.co/jQBFL8BO7e,covid_my
https://t.co/1YmB2jYy76,TODAYSHEADLINE GMY
https://t.co/HgIhavv6xM,France
https://t.co/jTBhCV4tzM,新型コロナ 聖教電子版 聖教新聞
https://t.co/HgIhavv6xM,France
https://t.co/XdI4fxcMCR https://t.co/8OZ1VDtfAS,covid_ua
https://t.co/EGXCg2zJY3,séquences vaccin sang COVID
https://t.co/HgIhavv6xM,France
https://t.co/HgIhavv6xM,France
https://t.co/su2EdWe1Qh https://t.co/dycKh3iCFG,covid_id
https://t.co/HgIhavv6xM,France
https://t.co/qYYPTUYEFU,ANSA
https://t.co/HgIhavv6xM,France
https://t.co/HgIhavv6xM,France
https://t.co/HgIhavv6xM,France
https://t.co/iX13HpwaT2 https://t.co/fvS37Lwmhj,covid_tw
https://t.co/DE0DldnBpo,News vaccine
https://t.co/HgIhavv6xM,France
https://t.co/HgIhavv6xM,France
https://t.co/Fno72J5c1G https://t.co/O0Dhnnq7lX,covid_au
https://t.co/HgIhavv6xM,France
https://t.co/HgIhavv6xM,France
https://t.co/mwl351SCqn,covid vaccinazioni pesaro fano
https://t.co/r7ae1RaEEO,soignants
https://t.co/e4o885eNkp https://t.co/uahTRNyJR8,covid_vn
https://t.co/9KXpDLOetM,PresidentsDay research survey
https://t.co/ciYj1wrzrh https://t.co/Ecw31foF3t,covid_tr
https://t.co/fkdaqD0B4I,Genspritzen Pfizer Moderna Myokarditis Perikarditis Novavax Covid Impfstoff
https://t.co/razjqDQRiJ,Covid
https://t.co/HgIhavv6xM,France
https://t.co/EJQMiSBh2p,suspendus
https://t.co/jeQgQhDS1R https://t.co/M4N8iJ5hse,covid_gb
https://t.co/HgIhavv6xM,France
https://t.co/eBDMCCKZ3L,antivaxxers vaccineswork
https://t.co/HgIhavv6xM,France
https://t.co/HgIhavv6xM,France
https://t.co/SbRaZq1nwq https://t.co/fPprvcP2nI,covid_kr
https://t.co/pi07zzgVsM https://t.co/IFyG9xtDFp,covid_jp
https://t.co/HgIhavv6xM,France
https://t.co/HgIhavv6xM,France
https://t.co/jwjxxHkeeq,CNNBrasil
https://t.co/UFk2tFhx1R,myocarditis
https://t.co/reew0ncGTZ https://t.co/IY1zshA54p,covid_br
https://t.co/pBQlJb1mlB,sensationalheadlines
https://t.co/HgIhavv6xM,France
https://t.co/naUEoeIQuh,Covid HAS vaccination
https://t.co/HgIhavv6xM,France
https://t.co/HgIhavv6xM,France
https://t.co/nMHrzrQ0XN,phep nursinghomes federalism
https://t.co/jpVnpV5ByT https://t.co/lb2ZbeCefs,covid_us
https://t.co/HgIhavv6xM,France
https://t.co/b3w8zP3g4I,Mundo 20Feb
https://t.co/HgIhavv6xM,France
https://t.co/HgIhavv6xM,France
https://t.co/HgIhavv6xM,France
https://t.co/SxGJlpKiN4,vaccinocovidmortiimprovvisemaloriimprovvisidiedsuddenly
https://t.co/08r8AiUpc4,DIEDSUDDENLYvaccinocovid
https://t.co/FIngQgZ3cz,vaccinocovid
https://t.co/jOkqsvs9pm,BTC ETH
https://t.co/BvVKTSiGhU,vaccinocovidrosswalkerAustraliacardiologo
https://t.co/NG1WMOvN7y,invisibili
https://t.co/SQcYIvATsK https://t.co/cGZhxRrSID,covid_all
https://t.co/S3429Gwrlc,iom manninline manxradio
https://t.co/HgIhavv6xM,France
https://t.co/HgIhavv6xM,France
https://t.co/ZhPvhe7b38,beginning between children covid crowd
https://t.co/Ede1ouAEZp,AlCovidLoFrenamosTodos
https://t.co/2CjsKtWz6H,COVIDVACCINE JesusIsComingSoon
https://t.co/HgIhavv6xM,France
https://t.co/9LRZsIbSEa,HealthReport
https://t.co/HgIhavv6xM,France
https://t.co/y8tkn8qb4u,Odysee
https://t.co/VImn6ErgaZ,APRA Covid CovidInjuries CovidVaccines Bullying auspol
https://t.co/HgIhavv6xM,France
https://t.co/HgIhavv6xM,France
https://t.co/aA25qq1g9r,Innovación Ciencia Salud COVID19
https://t.co/HgIhavv6xM,France
https://t.co/YjIhTvg9uZ,iniciativa covid hive
https://t.co/fjcQmCJVel,Covid longcovid lung
https://t.co/DxIk6vO4Cb,HAS EMacron définitif
https://t.co/dFmQRMCbWZ,drknitasha atwhealth ppiconline healthequity qualityimprovement healthcaretransformation patientengagement
https://t.co/HgIhavv6xM,France
https://t.co/czHT7rvSYc,drknitasha atwhealth ppiconline healthequity qualityimprovement healthcaretransformation patientengagement
https://t.co/8s7zRrO6Cc,SupremeCourtofIndia CivilServicesExamination SupremeCourt UPSC
https://t.co/WZsNpGJft7,Avellino
https://t.co/7busOpZugP,SupremeCourtofIndia CivilServicesExamination SupremeCourt UPSC
https://t.co/c5pPLB32zU,vaccination COVID soignants
https://t.co/tqrRNhjtSe,LongCOVID
https://t.co/HgIhavv6xM,France
https://t.co/HgIhavv6xM,France
https://t.co/HgIhavv6xM,France
https://t.co/HgIhavv6xM,France
https://t.co/41ZQ9Bo7CW,soignants JusticePourLesSuspendus
https://t.co/HgIhavv6xM,France
https://t.co/HgIhavv6xM,France
https://t.co/HgIhavv6xM,France
https://t.co/HgIhavv6xM,France
https://t.co/HgIhavv6xM,France
https://t.co/cAMr696Wib,bari news24city
https://t.co/UP7ZspJMJZ,AnimeNews
https://t.co/qZrO5vU5wG,trani news24city
https://t.co/HgIhavv6xM,France
https://t.co/Ptt3e1OjhS,SSPG
https://t.co/HgIhavv6xM,France
https://t.co/HgIhavv6xM,France
https://t.co/HgIhavv6xM,France
https://t.co/eBDMCCKZ3L,LongCovid
https://t.co/MsQ2eFvdjt,COVID CitizensOfChange
https://t.co/HgIhavv6xM,France
https://t.co/HgIhavv6xM,France
https://t.co/10vO4y22tc,BECERA2023
https://t.co/HgIhavv6xM,France
https://t.co/HgIhavv6xM,France
https://t.co/HgIhavv6xM,France
https://t.co/wXEJMjXjac,andria news24city
https://t.co/HgIhavv6xM,France
https://t.co/y2sWeauZ9D,ElFronterizo Turismo Internacional
https://t.co/BceETiAv4w,Misinformation
https://t.co/HgIhavv6xM,France
https://t.co/HgIhavv6xM,France
https://t.co/GySSivaQNb,COVID19
https://t.co/HgIhavv6xM,France
https://t.co/QfQ2EfUy6d,EUCovidCertificate
https://t.co/4XiY8kvOCL,losangeles LA resume education motivation covid
https://t.co/HgIhavv6xM,France
https://t.co/aBEiHxKQn6,cedarssinai andrewmarks columbiauniversity stevenreiken sandiego michellealbert
https://t.co/CAhbgw5d4W https://t.co/toRoII1P1l,cedarssinai andrewmarks columbiauniversity stevenreiken sandiego michellealbert
https://t.co/eE5JR0A7rZ,Etsy
https://t.co/n44i4IExVB,nurseleader
https://t.co/HgIhavv6xM,France
https://t.co/nEHyC5ZzE8,GirlsMustGotoSchool thankyou love grateful thankful happy instagram instagood gratitude followers support covid like blessed
https://t.co/HgIhavv6xM,France
https://t.co/HgIhavv6xM,France
https://t.co/AQFAO0zUXo,COVID vacunados mascarilla alcohol NosProtegemosTodos
https://t.co/92Pr5CYMKR,childmarriage COVID19
https://t.co/OZ9f1OjpFR,VirtualCare
https://t.co/HgIhavv6xM,France
https://t.co/HgIhavv6xM,France
https://t.co/qs3aYw6h0r,LongCovid
https://t.co/XbZrIJ5Pw6,LongCovid
https://t.co/nEHyC5ZzE8,GirlsMustGotoSchool thankyou love grateful thankful happy instagram instagood gratitude followers support covid like blessed
https://t.co/PmibCsd5sO,Efectos_secundarios Pfizer Moderna
https://t.co/9HGv61p9iq,odishahockey
https://t.co/HgIhavv6xM,France
https://t.co/HgIhavv6xM,France
https://t.co/HgIhavv6xM,France
https://t.co/HgIhavv6xM,France
https://t.co/HgIhavv6xM,France
https://t.co/HgIhavv6xM,France
https://t.co/gHql1Zb5nf,longCovid
https://t.co/HgIhavv6xM,France
https://t.co/pYbSZMwGT8,telemedicine telehealth healthcare health covid digitalhealth mentalhealth doctor doctors medicine API softwaredevelopment API softwareupdate
https://t.co/XA4BuMhz3H,CovidIsNotOver
https://t.co/HgIhavv6xM,France
https://t.co/ft98YHrnNa,covid longcovid organ
https://t.co/HgIhavv6xM,France
https://t.co/HgIhavv6xM,France
https://t.co/HgIhavv6xM,France
https://t.co/HgIhavv6xM,France
https://t.co/HgIhavv6xM,France
https://t.co/1DuaqThqVN,bc007
https://t.co/HgIhavv6xM,France
https://t.co/GM0bEdwcXM,COVID19 ReintegrezLesPersonnelsSuspendus 500JoursDeSuspension
https://t.co/HgIhavv6xM,France
https://t.co/XggQMDg0ff,EsTiempo Honduras
https://t.co/ptcWoj6iJo,COVID LongCovid GeneralStrike strike
https://t.co/NrdNOtA6QO,COVID19 NIHCEAL
https://t.co/HgIhavv6xM,France
https://t.co/IgxaBMBzxe,Covid_19
https://t.co/BXw3qke1e4,Salud
https://t.co/R2BYEbyqek,STIKO
https://t.co/Va0rWXrYnw,sanferdinando news24city
https://t.co/JB48m2xn4u,DesignPartner Pikvector pagedesign webbanner website webdesign landingpage bluecolor covid uiux
https://t.co/IQ2pQuPh9E,FestivalDeCarnavales2023
https://t.co/aMkkhOlIuk,COVID Dengue
https://t.co/HgIhavv6xM,France
https://t.co/HgIhavv6xM,France
https://t.co/HgIhavv6xM,France
https://t.co/HgIhavv6xM,France
https://t.co/zqKmJwtJCo,LesGens
https://t.co/HgIhavv6xM,France
https://t.co/HgIhavv6xM,France
https://t.co/5xzmJk1tbW,BahiaNoticias
https://t.co/HgIhavv6xM,France
https://t.co/gC9aas0166,assurance
https://t.co/ptMdv9yWOy,CME
https://t.co/XdRMcqwuLT,phep medicalcountermeasures vaccines
https://t.co/6eM4XhyGbe,nopaywall
https://t.co/CMqNkMV8VM,テクノロイド テクマイ
https://t.co/pNImzU0ypx,immunity vaccination
https://t.co/ZRXcRWZnSQ,canosa news24city
https://t.co/HgIhavv6xM,France
https://t.co/HgIhavv6xM,France
https://t.co/A6IBR8lWxZ,aiart nightcafe digitalart vqganclip
https://t.co/HgIhavv6xM,France
https://t.co/7Yz7jvK9X6,Assurance Maladie remboursements soins biologie médicale dépistage Covid
https://t.co/HgIhavv6xM,France
https://t.co/3gynikadwC,COVID19 LongCOVID
https://t.co/Kwg50JSYeo,COVID19 Covid CovidVaccine CoronaUpdate coronavirus CoronaVaccine Covid_19 COVID__19
https://t.co/HgIhavv6xM,France
https://t.co/HgIhavv6xM,France
https://t.co/TXcdtXcQvo,FOAMed
https://t.co/HgIhavv6xM,France
https://t.co/HgIhavv6xM,France
https://t.co/HgIhavv6xM,France
https://t.co/HgIhavv6xM,France
https://t.co/PcidknTzid,Employment EmploymentNews unions unison HumanResources CIPD casework LinkedIn HR tribunal apprentice
https://t.co/D5JeHod59s,GoBackBillGatesFromIndia
https://t.co/HgIhavv6xM,France
https://t.co/090MT5HrkG,aiart nightcafe digitalart vqganclip
https://t.co/6DrrjiSdxw,AnthonyNormanAlbanese
https://t.co/R4iUD9vwj1,albertbiderman covid covid19 malditaagenda2030 noalaagenda2030 nom plandemia
https://t.co/rVMPYccFIw,CIES2023 IAMAPHRC
https://t.co/nT3RLTFa3i,WorldEconomicForum
https://t.co/cvxPso5fpq,Opinión Tamaulipas
https://t.co/WjUtXJy96e,LongCovid LongCovidKids
https://t.co/z4cTn5jH8l,123INFO
https://t.co/qclY9Kq8lf,ElDato
https://t.co/HgIhavv6xM,France
https://t.co/NScv3Vd0Bc,Opinión Tamaulipas
https://t.co/qV7FNrZHE8,Lancet
https://t.co/vx4h9WgS1v,InfratructureWeek
https://t.co/HgIhavv6xM,France
https://t.co/HgIhavv6xM,France
https://t.co/DYUWl8Luir,Covid vaccines
https://t.co/DYUWl8Luir,Covid vaccines
https://t.co/HgIhavv6xM,France
https://t.co/HgIhavv6xM,France
https://t.co/yejNDcDBFi,COVID19 Children
https://t.co/RVWaUkzsVv,Ivermectin COVID19 COVID ivermectine Coronavirus China USA UnitedKingdom France HongKong ivermectin12mg viral viralinfection nomask
https://t.co/r5Qg0a405U,FestivalDeCarnavales2023
https://t.co/HgIhavv6xM,France
https://t.co/HgIhavv6xM,France
https://t.co/IgxaBMBzxe,Covid_19
https://t.co/HgIhavv6xM,France
https://t.co/HgIhavv6xM,France
https://t.co/NK6fgyfu3j,Midazolam NG163 CrimesAgainstHumanity Nuremberg2 ToriesCostLives Agenda2030 Midazolam NG163
https://t.co/dJBrKzzAr2,conspiracy COVID
https://t.co/YGqV2mu8vm,CarnavalesFelices2023
https://t.co/espdjaxJXr,19Feb
https://t.co/yejNDcDBFi,COVID19 Children
https://t.co/KoAQ0wHtWZ,Internasional BeritaBaruJatim BeritaInternasional BeritaJatim
https://t.co/CHIspRPYnj,20Feb Nacional
https://t.co/xAawnkrnr4,COVID19 vaccines pregnancy COVID19
https://t.co/Kjvi1WkVgl,MSM
https://t.co/HgIhavv6xM,France
https://t.co/HgIhavv6xM,France
https://t.co/HgIhavv6xM,France
https://t.co/tzhGoGMgpk,science
https://t.co/t8dKisoPs6,Vaxicide
https://t.co/hzLfa5GuIp,anime manga otaku
https://t.co/l8H8r1anG0,medsociety pcms
https://t.co/SNlWKbXTVC,BlackHistoryMonth nonprofitsector
https://t.co/HgIhavv6xM,France
https://t.co/HgIhavv6xM,France
https://t.co/BBsIkOxTGG,vaksin covid pfeizer seasonscity
https://t.co/o325YDj0BB,aiart nightcafe digitalart vqganclip
https://t.co/HgIhavv6xM,France
https://t.co/zqC95MerhJ,ploetzlichundunerwartet coronavirus COVID Corona Impfpflicht Impfschaeden Impfnebenwirkungen Impfnazi impflinge impfling impftote Impfschäden Deutschland Politik poltiker Schwab impfgegner Querdeppen Querdenker WHO Gates BillGates
https://t.co/RJ3E3OOAN7,VeranCharlatan
https://t.co/O28CZosVyM,cancer covid19
https://t.co/HgIhavv6xM,France
https://t.co/3Zwr7exHUg,LongCovid nichtgenesen Drehscheibe MECFS ignoriert nichtgenannt COVID PostCovid
https://t.co/HgIhavv6xM,France
https://t.co/TLaBtlvLvH,Vaccination
https://t.co/gV6hVpSG0Z,Andalucía Covid
https://t.co/a1adX0kWSI,Local
https://t.co/eKogk0HvQ0,Ekonomi AdadiKompas
https://t.co/HgIhavv6xM,France
https://t.co/HgIhavv6xM,France
https://t.co/FSlg6OLNi4,HeartTissue COVID infection heart calcium
https://t.co/HgIhavv6xM,France
https://t.co/HgIhavv6xM,France
https://t.co/HgIhavv6xM,France
https://t.co/6nZbK915ut,Saúde
https://t.co/HgIhavv6xM,France
https://t.co/HgIhavv6xM,France
https://t.co/HgIhavv6xM,France
https://t.co/9DnEypZZ8Y,aiart nightcafe digitalart vqganclip
https://t.co/HgIhavv6xM,France
https://t.co/HgIhavv6xM,France
https://t.co/HgIhavv6xM,France
https://t.co/qpOHZQ9WRW,ProBono WorldDayofSocialJustice
https://t.co/QNUUZLHtuz,Japalpilpa
https://t.co/HgIhavv6xM,France
https://t.co/19cT5tl9be,Spanien COVID Impfstoffe
https://t.co/1ceLo4YEsP,CovidIsntOver
https://t.co/IgxaBMBzxe,Covid_19
https://t.co/BBBt1HmyfP,GENERAL INTERNACIONAL
https://t.co/VBcIC5J5e2 https://t.co/rBSX5SYIUo,LongCovid MECFS
https://t.co/4pRzkFbSNO,trinitapoli news24city
https://t.co/RVWaUkzsVv,Ivermectin COVID19 COVID ivermectine Coronavirus China USA UnitedKingdom France HongKong ivermectin12mg viral viralinfection nomask
https://t.co/HgIhavv6xM,France
https://t.co/ONHoG8y0CS,COVID19
https://t.co/HgIhavv6xM,France
https://t.co/RVWaUkzsVv,Ivermectin COVID19 COVID ivermectine Coronavirus China USA UnitedKingdom France HongKong ivermectin12mg viral viralinfection nomask
https://t.co/dF6u4BLpMc,郭文貴 MilesGuo 爆料革命 牛津夢想農場 七言星語 HongKong 滅共 中共病毒 CCP COVID 中共毒疫苗 疫苗災難 新冠病毒 病毒真相 GETTR 新中國聯邦 NFSC TakeDowntheCCP
https://t.co/KcqQiQszhx,ploetzlichundunerwartet coronavirus COVID Corona Impfpflicht Impfschaeden Impfnebenwirkungen Impfnazi impflinge impfling impftote Impfschäden Deutschland Politik poltiker Schwab impfgegner Querdeppen Querdenker WHO Gates BillGates
https://t.co/HgIhavv6xM,France
https://t.co/HgIhavv6xM,France
https://t.co/HgIhavv6xM,France
https://t.co/5LvV11NsxG,covid IoSeguoTgr
https://t.co/HgIhavv6xM,France
https://t.co/HgIhavv6xM,France
https://t.co/wl5qH6f9Kr,ploetzlichundunerwartet
https://t.co/KbgEk4G3RE https://t.co/JY2ajdADIR,Coronavirus
https://t.co/Ar5Ccnj2pR,Venezuela
https://t.co/nwWmmYO7WU https://t.co/GjqOeSQxib,Coronavirus
https://t.co/HgIhavv6xM,France
https://t.co/HgIhavv6xM,France
https://t.co/HgIhavv6xM,France
https://t.co/dF6u4BLpMc,CCPVaccines CCPvirus COVID Vaccinesideeffects Ivermectin FDA CDC mRNA MEGA UK USA CANADA Australia NewZealand NZ EU
https://t.co/HgIhavv6xM,France
https://t.co/PhR5K2iyud,Libya
https://t.co/HgIhavv6xM,France
https://t.co/e4GSVSiDhF,HippocraticOath DataScience DSDojo
https://t.co/OwbbHcXETI,COVID19 Covid CovidIsntOver
https://t.co/i6oF2ypWVz,NaMoApp
https://t.co/9YwuDkvUm1,LaPrensaSecuestrada
https://t.co/nLgLl9jvjt https://t.co/1m6w6urJ1i,Nuremberg2
https://t.co/HgIhavv6xM,France
https://t.co/HgIhavv6xM,France
https://t.co/HgIhavv6xM,France
https://t.co/dKlZ1PLim8,margherita news24city
https://t.co/HgIhavv6xM,France
https://t.co/HgIhavv6xM,France
https://t.co/mDmIGRpFKA,Pfizer
https://t.co/HgIhavv6xM,France
https://t.co/lt11CUSksk,Tibet EastTurkistan SouthMongolia China
https://t.co/7rtE7Q6bsv,Covid
https://t.co/gkWDTtRLEJ,BilyonaryoTravel
https://t.co/r5Qg0a405U,FestivalDeCarnavales2023
https://t.co/Q9CXCmDYRU,Vaccineinjuries HeartInflammation myocarditis Novavax
https://t.co/uAOzHXfOs6,CalendarioDeVacunación covid
https://t.co/DsTUI8Bots,ニュース 47NEWS 共同通信ニュース
https://t.co/HgIhavv6xM,France
https://t.co/HgIhavv6xM,France
https://t.co/FDWkllWV7C,FestivalDeCarnavales2023 poupettekenza oriele
https://t.co/ycA8uh8VEk,mRNA COVIDVACCINE CovidVaccines
https://t.co/HgIhavv6xM,France
https://t.co/HgIhavv6xM,France
https://t.co/r5Qg0a405U,FestivalDeCarnavales2023
https://t.co/Dvm9BORdiZ,covid viralnews
https://t.co/Rzzs147CI1,TheLastOfUs
https://t.co/HgIhavv6xM,France
https://t.co/HgIhavv6xM,France
https://t.co/Dvm9BORdiZ,covid viralnews
https://t.co/s6a9C98NZl,DíaMundialDeLaJusticiaSocial TrabajoDecente
https://t.co/HgIhavv6xM,France
https://t.co/HgIhavv6xM,France
https://t.co/HgIhavv6xM,France
https://t.co/aYKxtPtYWS,Sante Paracetamol
https://t.co/HgIhavv6xM,France
https://t.co/HgIhavv6xM,France
https://t.co/7CWRrrHjwI,COVID19 news
https://t.co/NnHfEw7W4m,Iran COVID19
https://t.co/HgIhavv6xM,France
https://t.co/HgIhavv6xM,France
https://t.co/naUEoeIQuh,Covid HAS vaccination
https://t.co/HgIhavv6xM,France
https://t.co/HgIhavv6xM,France
https://t.co/0VUupc8S5L,news KyodoNewsPlus
https://t.co/fHN3AavVwC,PfizerGate
https://t.co/HgIhavv6xM,France
https://t.co/UAWxImr5EI,SarsCov2 covid covid19
https://t.co/HgIhavv6xM,France
https://t.co/HgIhavv6xM,France
https://t.co/cxqoKfCxCD,Ananindeua Belém Covid19 Destaque Pará saúde vacinação
https://t.co/i33BFCeOtl,COVID
https://t.co/ToqyPakq2N,obligation vaccinale soignants
https://t.co/HgIhavv6xM,France
https://t.co/ml4gyVN8TT,nycbudget
https://t.co/WzQBbSF16N,Venezuela FestivalDeCarnavales2023
https://t.co/g1cw8exY49,United
https://t.co/HgIhavv6xM,France
https://t.co/fcLQKnTDxZ,19Feb Carnavales Viral
https://t.co/HgIhavv6xM,France
https://t.co/HgIhavv6xM,France
https://t.co/HgIhavv6xM,France
https://t.co/HgIhavv6xM,France
https://t.co/HgIhavv6xM,France
https://t.co/HgIhavv6xM,France
https://t.co/HgIhavv6xM,France
https://t.co/HgIhavv6xM,France
https://t.co/CWH62GEEeq,Pandemic CancerScreening Cancer
https://t.co/7NfdKDLGwa,MaxiloLaPaz biomedicina
https://t.co/w1EvEOBsxe,GhanaNewsAgency GNA
https://t.co/SrKFgtzWVM,health mentalhealth healthcare goodhealth research healthissues wellness medicine
https://t.co/HgIhavv6xM,France
https://t.co/PS4tF9u3Pa,covid
https://t.co/0z56KtaoJs,covid19NL ziekenhuisbezetting
https://t.co/nU9dwrNBzf,Blog RaulCifuentes
https://t.co/qjyyFp3hYa,COVID19
https://t.co/iQLEXZknSl,Cuba MejorEsPosible FidelPorSiempre MejorSinBloqueo SomosBioCubaFarma AlServicioDeCuba
https://t.co/yeukeQj2Xk,COVID19 radiology CTRad RadRes
https://t.co/UBMXoauOh8,COVIDlongue
https://t.co/HgIhavv6xM,France
https://t.co/HgIhavv6xM,France
https://t.co/6RpIoQfzkQ,You COVID19 Covid_19 COVIDー19 Covid EstadoAlarma Russia
https://t.co/HgIhavv6xM,France
https://t.co/TUTevtQdjj,chemtrails chemtrailspraying yenidünya büyükreset covid
https://t.co/mxc6AiEOm2,You COVID19 Covid_19 COVIDー19 Covid EstadoDeAlarma ToqueDeQueda
https://t.co/r1rdzUiNmI,ghenyagrondin waltham massachusetts grondin brucelevy harvard
https://t.co/CAhbgw5d4W https://t.co/qoDmhxn8Xz,ghenyagrondin waltham massachusetts grondin brucelevy harvard
https://t.co/QcLp3RZ6al,Covid_19
https://t.co/6RpIoQfzkQ,You COVID19 Covid_19 COVIDー19 Covid EstadoDeAlarma
https://t.co/mxc6AiEOm2,You COVID19 Covid_19 COVIDー19 Covid EstadoAlarma ToqueDeQueda
https://t.co/6RpIoQfzkQ,You COVID19 Covid_19 COVIDー19 Covid EstadoDeAlarma
https://t.co/mxc6AiEOm2,You COVID19 Covid_19 COVIDー19 Covid EstadoAlarma ToqueDeQueda
https://t.co/HgIhavv6xM,France
https://t.co/ezB9fQi7kL,mdpichildren Child Maltreatment children adolescent
https://t.co/NnTu9KOEAQ,GrowthMarketing GrowthHacking Success
https://t.co/5t7tVFiBTF,COVID NursingHomes
https://t.co/hf6NNIdtUr,WhenToTest COVID vaccine
https://t.co/HgIhavv6xM,France
https://t.co/hBdWWx9DCk,LongCOVID COVID19
https://t.co/esgTAmyEC3,palliativecare
https://t.co/HgIhavv6xM,France
https://t.co/cIrfg35sDm,Francia
https://t.co/HgIhavv6xM,France
https://t.co/jqb5v9g3B7,alcools Covid
https://t.co/HgIhavv6xM,France
https://t.co/N1Gu1qFDOO,COVIDVACCINE BigPharma diedsuddenly Covid hospitals coronavirus NIH FauciLiedMillionsDied HydroxyChloroquine Ivermectin CDCMustGo WHOMustPay
https://t.co/WzQBbSF16N,Venezuela FestivalDeCarnavales2023
https://t.co/XOgkrpvGZv,COVID19
https://t.co/HgIhavv6xM,France
https://t.co/HgIhavv6xM,France
https://t.co/HgIhavv6xM,France
https://t.co/HgIhavv6xM,France
https://t.co/2aMclhn6EB,STATE CiprianPater NWO awakening
https://t.co/XI2Pq1WPMq,Covid COVID19
https://t.co/HgIhavv6xM,France
https://t.co/2aMclhn6EB,STATE CiprianPater NWO awakening
https://t.co/HgIhavv6xM,France
https://t.co/MWYjGcI1zL,IITMadras aerosolization mucus vaccination outcomes
https://t.co/2aMclhn6EB,STATE CiprianPater NWO awakening
https://t.co/r5Qg0a405U,FestivalDeCarnavales2023
https://t.co/CLsqi1xW9u,BEARS
https://t.co/0DVuyFyxMN,TheMisfitOfDemonKingAcademy
https://t.co/uQyOSokOfU,COVID Providencia Dosis
https://t.co/HgIhavv6xM,France
https://t.co/r5Qg0a405U,FestivalDeCarnavales2023
https://t.co/HgIhavv6xM,France
https://t.co/umvFfY4OAr,continentalcorrientes
https://t.co/HgIhavv6xM,France
https://t.co/LUmujoZjat,vaxfail
https://t.co/3nQtYLpnKU,テクマイ
https://t.co/jzg93q6O9z,COVID19 YoMeVacuno
https://t.co/eyfJPv3caF https://t.co/MebAj0JCSF,CardioTwitter Cardiology HeartFailure
https://t.co/VKHkDnUZCM,Japalpilpa
https://t.co/nJiAYXfaK8,Food organizations safety
https://t.co/r5Qg0a405U,FestivalDeCarnavales2023
https://t.co/7XAlmu3AEK,ploetzlichundunerwartet coronavirus COVID Corona Impfpflicht Impfschaeden Impfnebenwirkungen Impfnazi impflinge impfling impftote Impfschäden Deutschland Politik poltiker Schwab impfgegner Querdeppen Querdenker WHO Gates BillGates
https://t.co/wm0aDN0KrP,PublicHealth Uninsured
https://t.co/Sn5BeDeSAq,PublicHealth Uninsured
https://t.co/VNPY4SetBE,PrNoticias
https://t.co/XH9ZFkSl8t,DIVI Intensivregister ITS COVID Intensivpflege
https://t.co/KDcwIuOXD9,svpol
https://t.co/XwWDd6tDKM,Covid_19 SoignantsSuspendus JusticePourLesSuspendus
https://t.co/UQEPJTr1BR,テクノロイド
https://t.co/WzQBbSF16N,Venezuela FestivalDeCarnavales2023
https://t.co/WzQBbSF16N,Venezuela FestivalDeCarnavales2023
https://t.co/YGqV2muGkU,CarnavalesFelices2023
https://t.co/vSjS8uWOYj,Article COVID
https://t.co/5I7GwpN2xp,Covid
https://t.co/YGqV2mu8vm,CarnavalesFelices2023
https://t.co/eVSI9t6CAd,ElEsequiboEsDeVenezuela
https://t.co/orE8xC7EnU,Bullshitbingo Covid
https://t.co/3LmAKYvVOM,China economy
https://t.co/r5Qg0a405U,FestivalDeCarnavales2023
https://t.co/D3NTpcgpQo,Cuba
https://t.co/MQx3n1GMDb,Cronaca
https://t.co/uTzjpFjMkJ https://t.co/x3prkCvP8q,OpenAccess
https://t.co/G75zMHRSs4,Altsasu EstadoDeAlarma ToqueDeQueda Covid19 Covid_19 COVIDー19 ETB AltsasuTV3
https://t.co/2wpZRODTN4,Myocarditis
https://t.co/S1YemHXkEm,suspendus
https://t.co/5wpkiPuhmz,Altsasu EstadoDeAlarma ToqueDeQueda Covid19 Covid_19 COVIDー19 ETB
https://t.co/xyD7vCaDk0 https://t.co/SusN9G3Jc0,StayEasy Forenom marketing podcast covid growth opportunity business
https://t.co/KHYlWYetmQ,Catalunya EstadoDeAlarma ToqueDeQueda Covid19 Covid_19 COVIDー19
https://t.co/TToLIrbCnn,Cataluña EstadoDeAlarma ToqueDeQueda Covid19 Covid_19 COVIDー19
https://t.co/nbqj2N83wG,EstadoDeAlarma ToqueDeQueda Covid19 Covid_19 COVIDー19
https://t.co/sshdRjog5V,EstadoDeAlarma ToqueDeQueda Covid19 Covid_19
https://t.co/ZlLzP2HPkq,covid rapidtests Κοζάνη τεστ
https://t.co/k5UbVkkxNK,ErodeEastBypolls MDMK DuraiVaiko Congress EVKSElangovan Erode MKStalin COVID19
https://t.co/Gx5mSh3YpN,EstadoDeAlarma ToqueDeQueda Covid19 Covid_19
https://t.co/GQPsJ4axW7,Superbonus covid
https://t.co/3vFqeEP2W6,EstadoDeAlarma ToqueDeQueda Covid19 Covid_19 COVIDー19 Confinamiento
https://t.co/r5Qg0a405U,FestivalDeCarnavales2023
https://t.co/L45VGVt2G1,CovidIsntOver
https://t.co/Lw2VWqFXc8,EstadoDeAlarma ToqueDeQueda Covid19 Covid_19 COVIDー19
https://t.co/FIXkrXZfLc,Iranzu EstadoDeAlarma ToqueDeQueda Covid19 Covid_19 COVIDー19 Confinamiento
https://t.co/U8PBqj1LSL,libro covid
https://t.co/Icnv2Phvg8,Fed USD Bitcoin CBDC inflation COVID
https://t.co/kOEIpsXYlR,Barañáin Puente EstadoDeAlarma
https://t.co/ivSwVVFPIy,Paxlovid Buy PAXZEN Paxlovid
https://t.co/DLjYlJcCmH,PedaZitosDeMí EstadoDeAlarma ToqueDeQueda Covid19 Covid_19
https://t.co/nmGl8nK0ds,ANSA
https://t.co/WKQUbneRDm,wine food
https://t.co/ouLWfsA5ZD,PedaZitosDeVuelta FinEstadoDeAlarma ToqueDeQueda Covid19 Covid_19 COVIDー19
https://t.co/PJs6oBZWWK,PedaZitosDeVuelta EstadoDeAlarma FinToqueDeQueda Covid19 Covid_19 COVIDー19
https://t.co/n0YK8KNXlo,MHCLaw
https://t.co/pEu3xixI1p,PedaZitosDeMí AnaOtaegui RosalíaSotés EstadoDeAlarma ToqueDeQueda Covid19
https://t.co/27uBFyFbE5,PedaZitosDeMí Ana Rosalía FinEstadoDeAlarma FinToqueDeQueda Covid19
https://t.co/uJBrhswCNh,éxito TEVDAdeVerano FinEstadoDeAlarma ToqueDeQueda Mascarillas Covid19
https://t.co/c6Bpmz5yoe,cole covid TEVDAdeVerano EstadoDeAlarma ToqueDeQueda Mascarilla
https://t.co/FraKpPO1Xr,TEVDAdeVerano EstadoDeAlarma FinToqueDeQueda Mascarilla
https://t.co/kOEIpsXYlR,TEVDAdeVerano
https://t.co/O7A12zbYPD,TEVDAdeVerano FinEstadoDeAlarma ToqueDeQueda
https://t.co/VX3ucLi3jf,TEVDAdeVerano EstadoDeAlarma FinToqueDeQueda Mascarilla Covid19
https://t.co/Tme0ZgJDDk,nuremberg2
https://t.co/sllNGzJmyE,coronavirus preprints
https://t.co/gSqHaSJxtk,दिल्ली हाई_कोर्ट कोविड_19 पुलिस मुआवजा Delhi High_Court COVID_19
https://t.co/MndHGmBL3t,LetItRip
https://t.co/qrz1jdHPvY,telehealth COVID19 publichealthemergency healthcarefunding
https://t.co/E0l43HWeOg,SoignantsSuspendus ReintegrezLesSuspendus JusticuePourLesSuspendus
https://t.co/OqJWFKOCTI,TEVDAdeVerano FinEstadoDeAlarma ToqueDeQueda Mascarilla Covid19
https://t.co/u6C5lv3T0Y,LongCovid LongCovidKids
https://t.co/DURIjrAJ8n,gracias Alaitz TEVDAdeVerano EstadoDeAlarma
https://t.co/1N0VCGn5Nf,TEVDAdeVerano EstadoDeAlarma
https://t.co/h8iF1ouV2s,TEVDAdeVerano FinEstadoDeAlarma ToqueDeQueda Mascarilla Covid19
https://t.co/3ZXgS12SmB,Covid HAS vaccination
https://t.co/JnuqsVoWHi,cole covid TEVDAdeVerano FinEstadoDeAlarma FinToqueDeQueda
https://t.co/55fN2YnzsJ,ittnswitchedon
https://t.co/97UZnW5lkD,éxito TEVDAdeVerano EstadoDeAlarma FinToqueDeQueda Mascarilla Covid19
https://t.co/r5Qg0a405U,FestivalDeCarnavales2023
https://t.co/7hsGoKSunL https://t.co/kVADkmeGht,longCOVID news
https://t.co/Buo4wbiwAI,Fiestas EstadoDeAlarma ToqueDeQueda
https://t.co/LYgxNG1ThL,Covid Covid19
https://t.co/XxGvqURhKE,Data Covid Covid19
https://t.co/s8wQA8ipWZ,Persediaan Covid Covid19
https://t.co/dB5VZzsMWU,Jokowi Covid Covid19
https://t.co/9v7ZM3dOZQ,Pasca Covid Covid19
https://t.co/WzNLt2udns https://t.co/WzNLt2udns https://t.co/3xMCsa9nFn,probiotik Covid Covid19
https://t.co/jnsMiPhvew,vacuna COVID Novavax
https://t.co/c6Bpmz5yoe,DiaInternacionalDeLaEducacion FelizLunes FelizSemana
https://t.co/bmmTRo2n5I,航海 第一波
https://t.co/6xtk6fBZHz,India pre_CovidLevels
https://t.co/GjQnonFmAn,PasaporteCovid ToqueDeQueda Mascarillas Covid19 Covid_19 COVIDー19
https://t.co/I3RIuruIUM,PasaporteCovid EstadoDeAlarma Mascarilla Covid19 Covid_19 COVIDー19
https://t.co/r5Qg0a405U,FestivalDeCarnavales2023
https://t.co/JnuqsVoWHi,DiaInternacionalDeLaEducacion FelizLunes FelizSemana
https://t.co/JLzSBH09jx,PasaporteCovid ToqueDeQueda Mascarillas Covid19 Covid_19 COVIDー19 Coronavirus
https://t.co/QQz9B8FIig,PasaporteCovid EstadoDeAlarma Mascarilla Covid19 Covid_19 COVIDー19
https://t.co/GybhElwLLi,Covid19 Covid_19 COVIDー19 Covid Vacunas Vaccines
https://t.co/olBBjXXA4p,Covid19 COVIDー19 Covid Positivos Contagios Secret14F
https://t.co/twSqSONg17,Alba crítica PasaporteCovid Covid19 Covid_19 COVIDー19 Covid Vacunas Restricciones
https://t.co/r5Qg0a405U,FestivalDeCarnavales2023
https://t.co/r5Qg0a405U,FestivalDeCarnavales2023
https://t.co/GZbBGIFsYv,abuelos TEVDAdeVerano COVID19 Covid_19 COVIDー19 Contagios
https://t.co/K9LzxFo6Vh,Covid
https://t.co/JLzSBH09jx,TEVDAdeVerano COVID19 Covid_19 COVIDー19 Contagios Positivos Covid Rusia
https://t.co/QQz9B8FIig,Casi300 TEVDAdeVerano COVID19 Covid_19 COVIDー19 Contagio Positivo Covid Ucrania
https://t.co/dJXcGwaZRc,financeministry ECLGS Banks
https://t.co/yDXd8PVwkn,COVID19 Covid_19 COVIDー19 Contagio Positivos Covid
https://t.co/ouyMwihr8f,TechnoRoid
https://t.co/OWsTfecOph,CXOs talent leadershipdevolopment
https://t.co/pelBhcvE7H,ニュース 47NEWS 共同通信ニュース
https://t.co/L566k0El8z,funding statistics
https://t.co/QfQ2EfUy6d,EUCovidCertificate
https://t.co/lYcR4hy0DQ,COVID COVID19 Covid_19 CovidIsntOver COVID19Aus COVIDVACCINE CovidVaccines
https://t.co/PFIio7H5St,PatKenny
https://t.co/SgmQ2M8s0B,wef davos
https://t.co/V6owbgAtK1 https://t.co/jycSkWaXNa,Covid
https://t.co/Q1SqD4LjUN,Cronaca
https://t.co/r5Qg0a405U,FestivalDeCarnavales2023
https://t.co/rraoFLlO3E,Hispanic
https://t.co/2DMZOPahF6,Hispanic
https://t.co/N8gdK7Qvmf,LongCovidKids LongCovid
https://t.co/r5Qg0a405U,FestivalDeCarnavales2023
https://t.co/56QtDCtq1q,Cuba unblockCuba
https://t.co/5fxLekIVTU,Covid19USA COVIDVACCINE
https://t.co/WIsVGtWhGu,portugual meistgelikt
https://t.co/NLFKwisnFd,portugual mostliked
https://t.co/r5Qg0a405U,FestivalDeCarnavales2023
https://t.co/uMYJQCOKDq,covid vaccine pandemic
https://t.co/n6LwqKJW9m,startsmall
https://t.co/qfOJqvto8Z,SanitàinSicilia Covid
https://t.co/RwDQcISynE,vaccinated Covid unvaccinated
https://t.co/r5Qg0a405U,FestivalDeCarnavales2023
https://t.co/SlLXpFB4Bh,ChicaManga
https://t.co/r5Qg0a405U,FestivalDeCarnavales2023
https://t.co/vZFFeQ6MXa,Plandemia
https://t.co/r5Qg0a405U,FestivalDeCarnavales2023
https://t.co/9BqCCMMifu,covid
https://t.co/41KWSQorrg,MSKitMedia
https://t.co/r5Qg0a405U,FestivalDeCarnavales2023
https://t.co/r5Qg0a405U,FestivalDeCarnavales2023
https://t.co/hAbxakeSQN https://t.co/CDKP0bxM1G,Pfizer mRNA
https://t.co/KXWOp114z3,ichhabemitgemacht esreicht esläuftweiter
https://t.co/AVTZQaVT6z,COVID COVIDVACCINE CovidIsntOver
https://t.co/r5Qg0a405U,FestivalDeCarnavales2023
https://t.co/V0BpBxSjky,ANSA
https://t.co/scP8Cdf7tI,Covid Codogno 20febbraio Tv2000
https://t.co/r5Qg0a405U,FestivalDeCarnavales2023
https://t.co/cLFZLJTwW2,Giornatanazionaledelpersonalesanitario covid
https://t.co/yXBKBRj30k,Taxi Chauffeur Malta
https://t.co/8yAXYznHHz,openaccess areajournal
https://t.co/MZks3o0vpG,openaccess areajournal
https://t.co/P6ugXhqhVY,COVID19 PTSD
https://t.co/ARnc0o7wNb,LongCovid LongCovid RealityCheck DavosSafe
https://t.co/D3NTpcgpQo,Cuba
https://t.co/jCprqWjHcq,BangkokPost Thailand
https://t.co/1fWlHTn4Zh,LongCovid
https://t.co/0VV3faGdQ9,naturalimmunity Covid
https://t.co/6fXyZb41y0,LongCovid nocheinSportler
https://t.co/uIixNR4ZzB,OvarianCancer PancreaticCancer BreastCancer ColorectalCancer
https://t.co/ZWKVm7RMaT,COVID19
https://t.co/fHN3AavVwC,PfizerGate
https://t.co/jzkCW6LHVV,COVID19
https://t.co/ARnc0o7wNb,LongCovid C19 C19 RealityCheck DavosSafe
https://t.co/5CTcM7XN03,Care Covid Health News
https://t.co/gmfI60Af8I https://t.co/wli3NI9pjR,CoPromos
https://t.co/6AhvVYRxuf,mRNA Lancet coronavirus covid
https://t.co/IDap9DKsKv,Covid Covid19 coronavirus omicron
https://t.co/2yGWWGn7jl,Coverage
https://t.co/3NGaqxo9zA,Coverage
https://t.co/Ho6fTz0AzT,vitalcircle keepthemsafe peaceofmind
https://t.co/sJucu8smGW,Portada
https://t.co/0kBtW9pHlZ,DePaís
https://t.co/SlLrZTco1h,hybrid digital Cloud Data CloudComputing cloudtech technologynews
https://t.co/NZwXzm2a1q,alpolitics
https://t.co/WAgpEFNYHs,sanitari Covid
https://t.co/kJNkDQZGyk,Yargi
https://t.co/4pnqFtg1FV,icurehab A2Fbundle
https://t.co/lt11CUSksk,Tibet EastTurkistan SouthMongolia China
https://t.co/iIiAPRU8U9,PoliticsLive
https://t.co/Wzktgq3bmR,Covid Covid19 coronavirus omicron
https://t.co/pdzwwfOq9n,covid
https://t.co/saEj5NVxbf,laotraversion 20febrero COVID19 Venezuela
https://t.co/JQRzAiPgdr,LongCovid
https://t.co/lC0xnK7IaU,Reflexiones alumnos TEVDAdeVerano COVID19 Covid_19 COVIDー19 Contagios
https://t.co/EhdqBoNRTp,LaTuaEuropa
https://t.co/mxc6AiEOm2,You COVID19 Covid_19 COVIDー19 Covid EstadoDeAlarma ToqueDeQueda
https://t.co/6RpIoQfzkQ,You COVID19 Covid_19 COVIDー19 Covid EstadoAlarma
https://t.co/y4RGhv4huv,luxe gucci journalduluxe
https://t.co/SgmQ2M8s0B,wef davos
https://t.co/lI3FdREpPF,note
https://t.co/SgmQ2M8s0B,wef davos bio biologymemes lifescience neet bioinformatics covid zoology microscope bacteria health biologist immunology technology microbiologia
https://t.co/SYUYyDeg86,hive bienestar covid wellness initiative vidapersonal spanish posh hivecommunity
https://t.co/JSeocq6HdE,DelhiHighCourt keeponhold compensationclaim deceased policeman tenable
https://t.co/EdiWlnyPpq,ioseguoTgr 20febbraio
https://t.co/jTphYEVOYK,English OshoTaigu BusshinTranslationClub
https://t.co/GGC4QgEYKn,KidsVaccinesDay
https://t.co/kSxLnPBGC8,ICYMI LongCovid LongCovidAwareness COVIDisAirborne CovidIsNotOver auspol
https://t.co/LlIBEOSVWV,OurInterestingTimes CaesarMessiah Buildbackbetter Lauterbach Luther MaskenRunter FrankfurtSchool Morgenthau NoWar UkraineRussiaWar Covid CDC Zelensky Gaia Lockdown ImpfQUOTE Impftote
https://t.co/D3NTpcgpQo,Cuba
https://t.co/611BPiQdn3,Newjersey Covid
https://t.co/T3nn8g1zdH,Caracas 20Feb BuenosDíasVPItv EnVivo
https://t.co/FEO1c0CbTf,databreaches CyberResilience TeamMicroFocus
https://t.co/nWcldjC6oS https://t.co/LNfbRL2co5,FUCKtheJAB
https://t.co/6xtk6fBZHz,India pre_CovidLevels
https://t.co/taqACWX2hN,réalistes rêvent GénérationPerdue
https://t.co/avxVuzBqIw,WHO Covid_19 virus
https://t.co/kiOGzpQtXe,Pandemic
https://t.co/A6oD87aIH0,Covid Wissenschaftler Impfstoffe Impfung Blutproben
https://t.co/ljmTC9P4IB,Corona COVIDVACCINE COVID19 CovidVaccines NoVaccinePassports vaccineinjuries VaccineDeaths JustSayNo DoNotComply
https://t.co/lAJrAIXm97,globelezamangueira
https://t.co/Ov4DcjmVFV,JeanineAñezAsesina
https://t.co/90zSeaqLvO,globelezamangueira
https://t.co/HZ544ADAS2,COVID19
https://t.co/Usofkhhx6f,forgotten500k WearAMask
https://t.co/01lPF2pKnH,globelezamangueira
https://t.co/fHN3AavVwC,PfizerGate
https://t.co/utRHgBzikg,COVID
https://t.co/n0i24trMa6,Roma sanitario sociosanitario socioassistenziale volontariato
https://t.co/PglBPD64Rp,UGCNET
https://t.co/ROxMP0R3me,LongCovid
https://t.co/Qb9FQs1k8x,Covid_19 FestivalDeVina
https://t.co/ZIO5ZcE8tQ,MT180
https://t.co/GhTUGVrhah,COVIDisNOTover
https://t.co/fVy7XJTwwc,cancer prostate
https://t.co/KY19aGQ1GX,auspol COVID19Aus covid19 CovidIsNotOver maskup
https://t.co/hdVcyi9S7D,GRlife Goteana
https://t.co/IrT9fSCs3c,music live livestream
https://t.co/DYUWl8Luir,Covid vaccines
https://t.co/DYUWl8Luir,Covid vaccines
https://t.co/DYUWl8Luir,Covid vaccines
https://t.co/HUjHPQ5fIw,COVID19 decentwork DecentWorkForAll
https://t.co/ZH4H4k9p2K,TechnologyNews
https://t.co/sjhWSmSoAa,science
https://t.co/NuucUrZqN8,COVID19 医療費 ワクチン接種 ニュース
https://t.co/cajmpUgzZE,LongCovidAwareness
https://t.co/QfQ2EfUy6d,EUCovidCertificate
https://t.co/FwYuQs4zJV,purebloods
https://t.co/Z0UNLbS6Tx,ANSA
https://t.co/KDcwIuOXD9,svpol
https://t.co/QfQ2EfUy6d,EUCovidCertificate
https://t.co/n0g67nvexo,Vaccines
https://t.co/DznkueuzNX,Vaccines
https://t.co/GS8uMDQHFS,RT DePaís ElSalvador
https://t.co/CnDAM0yKLi,BuenosDiasMundo 20Feb FelizLunesATodos ComoEnBotica
https://t.co/5wxDDULqER,Amapiano DrummeRTee924
https://t.co/t7doy2rxU2,accounting invoices payments fraud
https://t.co/sIiPx64ilY,COVID BibleProphecy
https://t.co/KGExvJiEOi,COVID19
https://t.co/b0kEZ7x6cA,Arrest_Fauci Arrest_BillGates CovidScam
https://t.co/vJ1lmk8H3h,COVID 绘画 nftart
https://t.co/BXWcInyeEZ,PresidentsDay
https://t.co/naUEoeIQuh,Covid HAS vaccination
https://t.co/6fXyZb41y0,LongCovid nocheinSportler
https://t.co/pGcBdOwOnM,Intox Complotisme Coronavirus Désinformation
https://t.co/d3Jd7lSVMl,tamil tamilnadu tamilmemes news chennai tamilnewspaper tnpsc tnpscgroup memes covid tamilanda tamiltrending dmk karaikal india tamilan tamilcinem
https://t.co/I6zgBCAcd4,Covid_19 Covid lockdown Conte Draghi DraghiVileAffarista GovernoDiPagliacci governodegliorrori Fedez Ferragni Burioni virostar
https://t.co/cxz6xaRYBN,Japalpilpa
https://t.co/ARnc0o7wNb,LongCovid C19 RealityCheck DavosSafe
https://t.co/ZzzODz5Qpt,COVID19
https://t.co/KX1jpuiAlF,coronavirus COVID19
https://t.co/FEPLaVbvvf,covidstan covid
https://t.co/2m7MT1Mg4e,news breaking health
https://t.co/m55A4CQW02,COVID19
https://t.co/mN5UrDRbtY,COVID WearAMask
https://t.co/FHqaqJ4Oi3,COVID19
https://t.co/tjikK8zyZd,coronavirus COVID19
https://t.co/TGDDZLqeDa,郭文貴 MilesGuo 爆料革命 牛津夢想農場
https://t.co/A4osKxZaMU,diabetes type2diabetes diabetesindia T2D
https://t.co/xopXA7ZGdu,郭文貴 MilesGuo 爆料革命 牛津夢想農場 七言星語 HongKong 滅共 中共病毒 CCP COVID
https://t.co/OOZqv3us0J,CCPVaccines
https://t.co/OOZqv3tUbb,郭文貴 MilesGuo 爆料革命 牛津夢想農場 七言星語 HongKong 滅共 中共病毒 CCP COVID
https://t.co/kFSPFYaeM9,Chinese CCPVaccines CCPvirus COVID
https://t.co/kFSPFYaeM9,郭文貴 MilesGuo 爆料革命 牛津夢想農場 七言星語 HongKong 滅共 中共病毒 CCP COVID 中共毒疫苗 疫苗災難
https://t.co/6fXyZb41y0,LongCovid nocheinSportler
https://t.co/6XaanMT3p7,nbpoli
https://t.co/6Jk5ftt7sF,CCPVaccines CCPvirus COVID
https://t.co/zV3sutvTeV,CCPVaccines CCPvirus COVID
https://t.co/zV3sutvTeV,郭文貴 MilesGuo 爆料革命 牛津夢想農場 七言星語 HongKong 滅共 中共病毒 CCP COVID
https://t.co/naUEoeIQuh,Covid HAS vaccination
https://t.co/S08pIaxZTe,fm945apucarana fm945 redacao945 drops945
https://t.co/2283ReJ7ba,VaccineHesitancy VaccineConfidence HealthForAll
https://t.co/naUEoeIQuh,Covid HAS vaccination
https://t.co/TZYv3Sfil8,COVIDVACCINE
https://t.co/I5inF6YLpX https://t.co/TZaPCiS8WJ https://t.co/C2rwhLANyf https://t.co/q47Y0A0l8K,Aviation
https://t.co/RvFhZm5Qs6,assurance
https://t.co/Vuamxz6uRE,abruzzo
https://t.co/MC3oguf2tT,HOY
https://t.co/6ACebTh9EC,Infection neuroinflammation
https://t.co/iYrPY4erqG,vaccines Pharmacist mHealth pharmacy
https://t.co/TGDDZLqeDa,郭文貴 MilesGuo 爆料革命 牛津夢想農場
https://t.co/uJMX5JwrFh,cdnpoli
https://t.co/rRICEsFjYU,COVID
https://t.co/QjZnLdnEE5,TG2000 20febbraio Biden Zelensky Ucrania Kiev RussiaUkraineWar WangYi
https://t.co/BYqyBDseEC,ClimateScam
https://t.co/xopXA7ZGdu,郭文貴 MilesGuo 爆料革命 牛津夢想農場 七言星語 HongKong 滅共 中共病毒 CCP COVID
https://t.co/1FGfaB7DnR,Melbourne Albert_Park_track Formula_One Australian Grand_Prix Andrew_Westacott director COVID_19
https://t.co/3ZfVOCXimD,covid19 CzechRepublic Czech covid19cz covid19czech coronaviruscz Czechia Praque Covid19Europe
https://t.co/7cBPczJYGa,EricClapton COVIDVACCINE SleepingPills Clapton Agony ChronicPain COVID vaccine vaccines VaccinesWork
https://t.co/OOZqv3us0J,CCPVaccines
https://t.co/7rwMffBY30,Covid Société
https://t.co/88Q2BotYKD https://t.co/B60m92jCYX,Coverage
https://t.co/kFSPFYaeM9,Chinese CCPVaccines CCPvirus COVID
https://t.co/n9Blva7rhY,中共病毒 中共病毒 中共病毒 中共病毒 txlege
https://t.co/r68PUQQei2,Vaccines
https://t.co/VcPQiWxxXB,Vaccines
https://t.co/iYrPY4erqG,vaccines Pharmacist mHealth pharmacy
https://t.co/hPoSWK93X2 https://t.co/qbWHHXCosb,Coverage
https://t.co/wmGcMeO6Zx,OurInterestingTimes CaesarMessiah Buildbackbetter Lauterbach Luther MaskenRunter UkraineRussiaWar FrankfurtSchool Morgenthau NoWar Lockdown GoGreen Covid Zelensky CDC Gaia ImpfQUOTE Impftote
https://t.co/kFSPFYaeM9,郭文貴 MilesGuo 爆料革命 牛津夢想農場 七言星語 HongKong 滅共 中共病毒 CCP COVID 中共毒疫苗 疫苗災難
https://t.co/t3LKDw37Xn,Pontedera
https://t.co/E6L9n4b6IC,coronavirus CoronavirusUpdates KyodoNewsPlus
https://t.co/3SKCAktHIW,LongCOVID LongCOVID NatureReviewsMicrobiology Reuters
https://t.co/6Jk5ftt7sF,CCPVaccines CCPvirus COVID
https://t.co/PaDUqDnBx6,TG2000 20febbraio Biden Zelensky Ucrania Kiev RussiaUkraineWar WangYi Leopoli PerugiAssisi LosAngeles TurkeyEarthquake Turkey Siccità Superbonus Codogno Covid BAFTAs AkiraMatsumoto CapitanHarlock Tv2000
https://t.co/zx9DeXBJdG,VaccineDeaths
https://t.co/XEJUSpfUJb,edscertifiedreview
https://t.co/ICl41Dl1Xd,LongCovid LTA
https://t.co/MNjIyghZjX,sobatnet PurwakartaLawanCovid19 DiskominfoPurwakarta Purwakarta JawaBarat
https://t.co/fHN3AavVwC,PfizerGate
https://t.co/WeLcjvPPAk,interesting isnotit facts blog
https://t.co/QXbXLLpojM,iA BigBrother covid CreditSocial Europe controle contextes surveillance incidieux coercition Chine
https://t.co/XbG01gapaC,AnuarioiSanidad2022 pacientes
https://t.co/foZARXPAVU,anvisa covid
https://t.co/p9aJjUJCh2,digitale environnementale Montbeliard Commerce polemetroplitain covid crise inflation consommation
https://t.co/QjZnLdnEE5,TG2000 20febbraio Biden Zelensky Ucrania Kiev RussiaUkraineWar WangYi Leopoli PerugiAssisi LosAngeles TurkeyEarthquake Turkey Siccità Superbonus Codogno Covid BAFTAs AkiraMatsumoto CapitanHarlock Tv2000
https://t.co/GqcMt9He2J,eLearning Gamification microlearning eLearningSolution
https://t.co/4EryGBO9dp,Covid19 souris SARSCoV2
https://t.co/ujYZQVofMY,epidemiaendatos
https://t.co/1QDOgtON9m,health news bbcnat Follow happynewyear
https://t.co/bcpCm6Eumd,StickToScience VaccinezVousBordel
https://t.co/4wRBejOw3K,MaxVerstappen Heineken NooitVergeten CoronaSchandaal Covid
https://t.co/rjNA8WtPeq,COVID19
https://t.co/oMxxegUJW8,SubregistroCovidVE
https://t.co/6zIw3DNY6q,vaccination attal verran covid
https://t.co/xDfSH3HWPX,CovidActionNow
https://t.co/6zKNmSxeUN,wastemanagement waste recycling foodwaste tradewaste
https://t.co/hza8vONOdb,Covid
https://t.co/BzNqqQtzix,COVID19 Omicron
https://t.co/pelBhcvE7H,ニュース 47NEWS 共同通信ニュース
https://t.co/4TVdBAdIVo,QOTD
https://t.co/r0DoHSGboF,turismo pandemia COVID19 viajes economía Inversiones
https://t.co/pelBhcvE7H,ニュース 47NEWS 共同通信ニュース
https://t.co/LN0zglSbMZ,Covid
https://t.co/OOeSBS972r,NewIndia BJP4India BJP4MP BJP4SIDHI
https://t.co/YngKpbd8l1,Covid IoSeguoTgr
https://t.co/K80OqOJ0Dx,ANSA
https://t.co/VkDwHd4kxv,COVID19
https://t.co/zV3sutvTeV,CCPVaccines CCPvirus COVID
https://t.co/3mCBjBRsG7,Covid
https://t.co/sAI4tbEcHm,BrunoMegarbane Palmade
https://t.co/m9gaLMgZyP,fact
https://t.co/3facNqMIQs,news
https://t.co/kwH54RoYL2,Covid fever
https://t.co/Hev0R3p4GG,IoT
https://t.co/zV3sutvTeV,郭文貴 MilesGuo 爆料革命 牛津夢想農場 七言星語 HongKong 滅共 中共病毒 CCP COVID
https://t.co/TGDDZLqeDa,郭文貴 MilesGuo 爆料革命 牛津夢想農場
https://t.co/VBcIC5J5e2,LongCovid
https://t.co/xopXA7ZGdu,郭文貴 MilesGuo 爆料革命 牛津夢想農場 七言星語 HongKong 滅共 中共病毒 CCP COVID
https://t.co/OOZqv3us0J,CCPVaccines
https://t.co/OOZqv3tUbb,郭文貴 MilesGuo 爆料革命 牛津夢想農場 七言星語 HongKong 滅共 中共病毒 CCP COVID
https://t.co/kFSPFYaeM9,Chinese CCPVaccines CCPvirus COVID
https://t.co/b4Ol4XrsV3,Uruguay penarol Refugees
https://t.co/kFSPFYaeM9,郭文貴 MilesGuo 爆料革命 牛津夢想農場 七言星語 HongKong 滅共 中共病毒 CCP COVID 中共毒疫苗 疫苗災難
https://t.co/uMgyM1pFfI,immuunisfarce covid prikofstik wobkes stemzeweg
https://t.co/TdGq6U0ZGi https://t.co/EsHG2BajMA,RyanQuarles Governor GovernorKentucky trump maga donaldtrump usa republican conservative america biden politics makeamericagreatagain covid trumptrain memes kag joebiden
https://t.co/6Jk5ftt7sF,CCPVaccines CCPvirus COVID
https://t.co/zqjBPqFf05,Toews dealing longCOVID symptoms
https://t.co/zV3sutvTeV,CCPVaccines CCPvirus COVID
https://t.co/zV3sutvTeV,郭文貴 MilesGuo 爆料革命 牛津夢想農場 七言星語 HongKong 滅共 中共病毒 CCP COVID
https://t.co/aBT0IIWDSc,COVID
https://t.co/xhuokhpr1y,Covid_19 blogredgdps
https://t.co/9IEwedLUqF,NHS NHSUK NHSstaff UKNews
https://t.co/IEoavcVDhy,Covid_19 diabetes blogredgdps MateuSeguí
https://t.co/mzNGj1S2jB,vaccini Covid_19 novax nowork scuola
https://t.co/UuxsTzG1rw,FestivalDeCarnavales2023
https://t.co/oIea8u0Tdj,assurance
https://t.co/aBT0IIWDSc,COVID
https://t.co/LETe5LMO9V,MEcfs LongCovid Tissue Pathogens
https://t.co/1pb6VogACU,Covid Coronavirus
https://t.co/LuZbmKKjpm,Albacete
https://t.co/HYwCgLnheQ,RSET BRACE
https://t.co/fuvk5mrRD1,NM935
https://t.co/QfQ2EfUy6d,EUCovidCertificate
https://t.co/54Wo2Gis9n,bandana bracelet couleurslagon collection c
https://t.co/SDgCVWCtJs,longcovid Covid
https://t.co/LWeIFnIUg6,covid
https://t.co/vO9HaEzohn,funding fundraiser crowdfundingproject art charity love covid business entrepreneur film
https://t.co/SDgCVWCtJs,longcovid Covid Covid19 multiorgan UK
https://t.co/W1hytwQm9N,COVID19 vaccine
https://t.co/At0o6Y9pWo,Pediatria COVID veuanoia comarca anoia
https://t.co/TZYv3Sfil8,COVIDVACCINE
https://t.co/QPUoeiySmg,avianflu pandemic Covid19
https://t.co/aJ6WcdhjRA,KingKhan Pathaan
https://t.co/z4nB5MiJio,PostVac PostCovid
https://t.co/Vdd3WkgYKu,longCOVID news
https://t.co/ms0LLs91Gz,virus
https://t.co/ImHMzneYDQ,COVID19
https://t.co/yHmGUGbua0,soberaf recoveryposse covid odaat
https://t.co/Z1bsiA6qdA,CovidisntOver
https://t.co/XBTNv57jQA,covid kronosekairos
https://t.co/FBN3adW83h,CubaPorLaSalud
https://t.co/vO9HaEzohn,funding fundraiser crowdfundingproject art charity love covid business entrepreneur film innovation
https://t.co/mgyX0OVqA9,BolsonaroNaCadeia bolsonarogenocida BolsonaroNuncaMais
https://t.co/mGWilrTgc6,spikeprotein neurodegenerativediseases Covid Covid19 Covidvaccine
https://t.co/3eWmuVQQWj,assurance
https://t.co/F4qOUVdlOf,mdpibiology COVID macronutrient
https://t.co/YngKpbd8l1,Covid IoSeguoTgr
https://t.co/JcRBqFSwMO,LongCovid
https://t.co/62YYH3CcA4,cardiovascular COVID19
https://t.co/qvfbtf3W1C,LongCovid MECFS
https://t.co/ghWPfDBMgD,SDGs
https://t.co/xqWxFpCcO3,Covid
https://t.co/YC7mtNXlxK,ANSA
https://t.co/fHN3AavVwC,PfizerGate
https://t.co/cnf9EIQCAa,kannietmisgaan
https://t.co/0nDOpsLPg5 https://t.co/K61NfrrMQ4,venturecapital fevc forwardechelonvc
https://t.co/85EqiF9JTt,TheArk
https://t.co/HWRV1qKYCT,long_COVID
https://t.co/eamkgEHl6F,EJPH Covid19 pandemic
https://t.co/R5onErcf2e,albertbiderman coronavirus covid covid19 plandemia
https://t.co/JX45b4NbOH,charities Maidstone CharityWork
https://t.co/wIsJpzlVUq,Opinion HTPremium
https://t.co/Cc4LrMkhD1,KyodoNewsPlus
https://t.co/6tHTfQm660,finances insuranceplans InsuranceTrends IndiaFirstLife Article LifeInsurance
https://t.co/DTjDl0p3eq,Comentário portaldeprefeitura MarceloQueiroga expresidente Bolsonaro vacina Covid19
https://t.co/2Ju0CPCAr2 https://t.co/TsOCS3mqur,rainbow covid
https://t.co/DzXpiuVgdB,質問箱 匿名質問募集中
https://t.co/WeLcjvPPAk,interesting isnotit facts blog
https://t.co/uE8welMKjG https://t.co/gOB8k4xBAD https://t.co/g6mZoKvVC8 https://t.co/B28rsbbprH https://t.co/cEhv2CkrOc https://t.co/qMSudzlzfF https://t.co/OiOra3li24,PhD geography PhDjobs
https://t.co/IRhk8htz17,wef davos bioinformatics covid zoology microscope bacteria health biologist immunology technology microbiologia
https://t.co/yxFSlBukTs,Pfizer vaccin Covid_19
https://t.co/qMH7haic8y,covid
https://t.co/v1DeOPDTEV,LongCovid
https://t.co/UgvNlNEZzI,COVID
https://t.co/wcPTAGzFAJ,hive wellness FelizLunes
https://t.co/bKwT6w34DJ,LIVRES Covid Pierre_Chaillot
https://t.co/fHN3AavVwC,PfizerGate
https://t.co/4KA2gyR9nc,Covid
https://t.co/TQyu0hCACh,PublicHealth Uninsured
https://t.co/XBJb4H8YlC,PublicHealth Uninsured
https://t.co/vO9HaEzohn,crowdfundingproject art charity love covid business entrepreneur film innovation indiegogocampaign
https://t.co/VZtQPQZV8r,cardiologist health cardio heart healthyliving covid doctor
https://t.co/Pu7tkGGOHP,COVID
https://t.co/wDk9DMzUek,Japan TheYomiuriShimbun
https://t.co/cvvDsRtyrI,ArtificialIntelligence AI
https://t.co/16u0ZXotvr,N95s LongCovid Vaxplus Airfilters
https://t.co/fHN3AavVwC,PfizerGate
